CREATE DATABASE Content_Management_System;

CREATE TABLE Organizations(
	OrganizationID			INT				PRIMARY KEY,
	OrganizationName		VARCHAR(100)	NOT NULL
);

SELECT * FROM Organizations;
SELECT * FROM Users;
SELECT * FROM Content;
SELECT * FROM Categories;
SELECT * FROM ContentCategories;
SELECT * FROM ContentData;
SELECT * FROM BillingPlans;
SELECT * FROM Subscription;
SELECT * FROM  Payments;


DROP TABLE Organizations;

INSERT INTO Organizations (OrganizationID, OrganizationName)
VALUES (1, 'Tech Solutions Inc.');

INSERT INTO Organizations (OrganizationID, OrganizationName)
VALUES (2, 'Media Group Ltd.');

INSERT INTO Organizations (OrganizationID, OrganizationName)
VALUES (3, 'Healthcare Services');

INSERT INTO Organizations (OrganizationID, OrganizationName)
VALUES (4, 'Education Foundation');

INSERT INTO Organizations (OrganizationID, OrganizationName)
VALUES (5, 'Retail Solutions');

INSERT INTO Organizations (OrganizationID, OrganizationName)
VALUES (6, 'Government Agency');

INSERT INTO Organizations (OrganizationID, OrganizationName)
VALUES (7, 'Nonprofit Organization');

INSERT INTO Organizations (OrganizationID, OrganizationName)
VALUES (8, 'Hospitality Group');

INSERT INTO Organizations (OrganizationID, OrganizationName)
VALUES (9, 'Financial Services');

INSERT INTO Organizations (OrganizationID, OrganizationName)
VALUES (10, 'Consulting Firm');

CREATE TABLE Users(
	UserID		    INT				PRIMARY KEY,
	OrganizationID	INT				FOREIGN KEY REFERENCES Organizations (OrganizationID) ,
	UserName	    VARCHAR(50)		UNIQUE NOT NULL,
	Password	    VARCHAR(255)	NOT NULL,
	Email		    VARCHAR(100)	NOT NULL,
	Role		    VARCHAR(20)		NOT NULL,
	LastLogin	    DATETIME		NOT NULL
);


SELECT * FROM Users;


-- Organization: Tech Solutions Inc.
INSERT INTO Users (UserID, OrganizationID, UserName, Password, Email, Role, LastLogin)
VALUES (101, 1, 'JohnDoe', 'pass123', 'johndoe@gmail.com', 'Administrator', '2023-05-18 09:15:00');

INSERT INTO Users (UserID, OrganizationID, UserName, Password, Email, Role, LastLogin)
VALUES (102, 1, 'JaneSmith', 'pass456', 'janesmith@gmail.com', 'Editor', '2023-05-17 14:30:00');

INSERT INTO Users (UserID, OrganizationID, UserName, Password, Email, Role, LastLogin)
VALUES (103, 1, 'DavidBrown', 'pass789', 'davidbrown@gmail.com', 'Contributor', '2023-05-18 10:30:00');

INSERT INTO Users (UserID, OrganizationID, UserName, Password, Email, Role, LastLogin)
VALUES (104, 1, 'SarahJones', 'passabc', 'sarahjones@gmail.com', 'Viewer', '2023-05-16 18:45:00');

-- Organization: Media Group Ltd.
INSERT INTO Users (UserID, OrganizationID, UserName, Password, Email, Role, LastLogin)
VALUES (105, 2, 'RobertJohnson', 'passdef', 'robertjohnson@gmail.com', 'Administrator', '2023-05-18 11:00:00');

INSERT INTO Users (UserID, OrganizationID, UserName, Password, Email, Role, LastLogin)
VALUES (106, 2, 'EmilyDavis', 'passefg', 'emilydavis@gmail.com', 'Editor', '2023-05-17 09:30:00');

INSERT INTO Users (UserID, OrganizationID, UserName, Password, Email, Role, LastLogin)
VALUES (107, 2, 'MichaelSmith', 'passhij', 'michaelsmith@gmail.com', 'Contributor', '2023-05-18 13:15:00');

INSERT INTO Users (UserID, OrganizationID, UserName, Password, Email, Role, LastLogin)
VALUES (108, 2, 'LisaWilson', 'passklm', 'lisawilson@gmail.com', 'Viewer', '2023-05-18 10:45:00');

-- Organization: Healthcare Services
INSERT INTO Users (UserID, OrganizationID, UserName, Password, Email, Role, LastLogin)
VALUES (109, 3, 'WilliamAnderson', 'passnop', 'williamanderson@gmail.com', 'Administrator', '2023-05-17 16:00:00');

INSERT INTO Users (UserID, OrganizationID, UserName, Password, Email, Role, LastLogin)
VALUES (110, 3, 'JessicaTaylor', 'passqrs', 'jessicataylor@gmail.com', 'Editor', '2023-05-18 09:45:00');

INSERT INTO Users (UserID, OrganizationID, UserName, Password, Email, Role, LastLogin)
VALUES (111, 3, 'RichardWilson', 'passtuv', 'richardwilson@gmail.com', 'Contributor', '2023-05-17 11:30:00');

INSERT INTO Users (UserID, OrganizationID, UserName, Password, Email, Role, LastLogin)
VALUES (112, 3, 'ElizabethBrown', 'passwxy', 'elizabethbrown@gmail.com', 'Viewer', '2023-05-18 12:00:00');

-- Organization: Education Foundation
INSERT INTO Users (UserID, OrganizationID, UserName, Password, Email, Role, LastLogin)
VALUES (113, 4, 'ThomasJones', 'passzab', 'thomasjones@gmail.com', 'Administrator', '2023-05-18 10:00:00');

INSERT INTO Users (UserID, OrganizationID, UserName, Password, Email, Role, LastLogin)
VALUES (114, 4, 'OliviaDavis', 'passcde', 'oliviadavis@gmail.com', 'Editor', '2023-05-17 15:45:00');

INSERT INTO Users (UserID, OrganizationID, UserName, Password, Email, Role, LastLogin)
VALUES (115, 4, 'MatthewSmith', 'passfgh', 'matthewsmith@gmail.com', 'Contributor', '2023-05-18 09:30:00');

INSERT INTO Users (UserID, OrganizationID, UserName, Password, Email, Role, LastLogin)
VALUES (116, 4, 'SophiaWilson', 'passijk', 'sophiawilson@gmail.com', 'Viewer', '2023-05-17 12:15:00');

-- Organization: Retail Solutions
INSERT INTO Users (UserID, OrganizationID, UserName, Password, Email, Role, LastLogin)
VALUES (117, 5, 'JosephBrown', 'passlmn', 'josephbrown@gmail.com', 'Administrator', '2023-05-18 11:30:00');

INSERT INTO Users (UserID, OrganizationID, UserName, Password, Email, Role, LastLogin)
VALUES (118, 5, 'AvaJohnson', 'passopq', 'avajohnson@gmail.com', 'Editor', '2023-05-17 13:45:00');

INSERT INTO Users (UserID, OrganizationID, UserName, Password, Email, Role, LastLogin)
VALUES (119, 5, 'DanielTaylor', 'pasrstu', 'danieltaylor@gmail.com', 'Contributor', '2023-05-18 10:15:00');

INSERT INTO Users (UserID, OrganizationID, UserName, Password, Email, Role, LastLogin)
VALUES (120, 5, 'MiaAnderson', 'pasvwx', 'miaanderson@gmail.com', 'Viewer', '2023-05-17 16:30:00');

-- Organization: Government Agency
INSERT INTO Users (UserID, OrganizationID, UserName, Password, Email, Role, LastLogin)
VALUES (121, 6, 'ChristopherSmith', 'pasyzab', 'christophersmith@gmail.com', 'Administrator', '2023-05-18 09:45:00');

INSERT INTO Users (UserID, OrganizationID, UserName, Password, Email, Role, LastLogin)
VALUES (122, 6, 'EmmaDavis', 'passcde', 'emmadavis@gmail.com', 'Editor', '2023-05-17 14:00:00');

INSERT INTO Users (UserID, OrganizationID, UserName, Password, Email, Role, LastLogin)
VALUES (123, 6, 'AndrewWilson', 'passfgh', 'andrewwilson@gmail.com', 'Contributor', '2023-05-18 10:45:00');

INSERT INTO Users (UserID, OrganizationID, UserName, Password, Email, Role, LastLogin)
VALUES (124, 6, 'OliviaBrown', 'passijk', 'oliviabrown@gmail.com', 'Viewer', '2023-05-17 12:30:00');

-- Organization: Nonprofit Organization
INSERT INTO Users (UserID, OrganizationID, UserName, Password, Email, Role, LastLogin)
VALUES (125, 7, 'JacobJohnson', 'passlmn', 'jacobjohnson@gmail.com', 'Administrator', '2023-05-18 11:45:00');

INSERT INTO Users (UserID, OrganizationID, UserName, Password, Email, Role, LastLogin)
VALUES (126, 7, 'SophiaDavis', 'passopq', 'sophiadavis@gmail.com', 'Editor', '2023-05-17 13:00:00');

INSERT INTO Users (UserID, OrganizationID, UserName, Password, Email, Role, LastLogin)
VALUES (127, 7, 'WilliamSmith', 'pasrstu', 'williamsmith@gmail.com', 'Contributor', '2023-05-18 10:30:00');

INSERT INTO Users (UserID, OrganizationID, UserName, Password, Email, Role, LastLogin)
VALUES (128, 7, 'IsabellaWilson', 'pasvwx', 'isabellawilson@gmail.com', 'Viewer', '2023-05-17 16:45:00');

-- Organization: Hospitality Group
INSERT INTO Users (UserID, OrganizationID, UserName, Password, Email, Role, LastLogin)
VALUES (129, 8, 'EthanBrown', 'pasyzab', 'ethanbrown@gmail.com', 'Administrator', '2023-05-18 10:15:00');

INSERT INTO Users (UserID, OrganizationID, UserName, Password, Email, Role, LastLogin)
VALUES (130, 8, 'AmeliaJohnson', 'passcde', 'ameliajohnson@gmail.com', 'Editor', '2023-05-17 14:30:00');

INSERT INTO Users (UserID, OrganizationID, UserName, Password, Email, Role, LastLogin)
VALUES (131, 8, 'JamesTaylor', 'passfgh', 'jamestaylor@gmail.com', 'Contributor', '2023-05-18 11:00:00');

INSERT INTO Users (UserID, OrganizationID, UserName, Password, Email, Role, LastLogin)
VALUES (132, 8, 'SophiaAnderson', 'passijk', 'sophiaanderson@gmail.com', 'Viewer', '2023-05-17 12:45:00');

-- Organization: Financial Services
INSERT INTO Users (UserID, OrganizationID, UserName, Password, Email, Role, LastLogin)
VALUES (133, 9, 'BenjaminSmith', 'passlmn', 'benjaminsmith@gmail.com', 'Administrator', '2023-05-18 11:15:00');

INSERT INTO Users (UserID, OrganizationID, UserName, Password, Email, Role, LastLogin)
VALUES (134, 9, 'CharlotteDavis', 'passopq', 'charlottedavis@gmail.com', 'Editor', '2023-05-17 13:30:00');

INSERT INTO Users (UserID, OrganizationID, UserName, Password, Email, Role, LastLogin)
VALUES (135, 9, 'DanielWilson', 'pasrstu', 'danielwilson@gmail.com', 'Contributor', '2023-05-18 10:00:00');

INSERT INTO Users (UserID, OrganizationID, UserName, Password, Email, Role, LastLogin)
VALUES (136, 9, 'EmilyBrown', 'pasvwx', 'emilybrown@gmail.com', 'Viewer', '2023-05-17 16:15:00');

-- Organization: Consulting Firm
INSERT INTO Users (UserID, OrganizationID, UserName, Password, Email, Role, LastLogin)
VALUES (137, 10, 'AlexanderJohnson', 'pasyzab', 'alexanderjohnson@gmail.com', 'Administrator', '2023-05-18 10:30:00');

INSERT INTO Users (UserID, OrganizationID, UserName, Password, Email, Role, LastLogin)
VALUES (138, 10, 'GraceDavis', 'passcde', 'gracedavis@gmail.com', 'Editor', '2023-05-17 14:45:00');

INSERT INTO Users (UserID, OrganizationID, UserName, Password, Email, Role, LastLogin)
VALUES (139, 10, 'MichaelSteve', 'passfgh', 'michaelsteve@gmail.com', 'Contributor', '2023-05-18 11:30:00');

INSERT INTO Users (UserID, OrganizationID, UserName, Password, Email, Role, LastLogin)
VALUES (140, 10, 'AvaWilson', 'passijk', 'avawilson@gmail.com', 'Viewer', '2023-05-17 13:15:00');





CREATE TABLE Content(
	ContentID		INT				PRIMARY KEY,
	OrganizationID	INT				FOREIGN KEY REFERENCES Organizations (OrganizationID) ,
	Title			VARCHAR(100)	NOT NULL,
	Description		VARCHAR(MAX)	NULL,
	Body			VARCHAR(MAX)			NOT NULL,
	CreationDate	DATETIME		NOT NULL,
	UserID			INT				FOREIGN KEY REFERENCES Users (UserID)
);

SELECT * FROM Content;
SELECT ContentID,OrganizationID,Title,CreationDate,UserID FROM Content;

DROP TABLE Content;




INSERT INTO Content (ContentID, OrganizationID, Title, Description, Body, CreationDate, UserID)
VALUES (201,1,'The Rise of Internet of Things and Its Implications for Businesses',
        'Explore the transformative impact of the Internet of Things (IoT) on businesses and industries. This article delves into the rise of IoT technology, its applications across various sectors, and the profound implications it has for businesses worldwide. Discover how IoT is revolutionizing operations, enabling data-driven decision-making, and opening up new opportunities for innovation and growth. Gain insights into the challenges and considerations associated with implementing IoT solutions and stay ahead in the rapidly evolving landscape of connected devices and smart systems.',
        'The Rise of Internet of Things (IoT) has become a game-changer for businesses, revolutionizing the way they operate and interact with the world. IoT refers to the network of interconnected devices, sensors, and systems that can communicate and exchange data through the internet. This web of connected devices enables businesses to collect vast amounts of real-time data, automate processes, and derive valuable insights for better decision-making.

In various industries, IoT has emerged as a catalyst for digital transformation. In manufacturing, IoT-powered sensors and monitoring devices can track equipment performance, predict maintenance needs, and optimize production processes. This leads to increased efficiency, reduced downtime, and cost savings. Similarly, in agriculture, IoT solutions enable farmers to monitor soil conditions, weather patterns, and crop health remotely, enabling precision farming and resource optimization.

The implications of IoT for businesses extend beyond operational improvements. The wealth of data generated by IoT devices allows companies to gain a deeper understanding of customer behavior, preferences, and needs. This enables personalized marketing campaigns, enhanced customer experiences, and the development of new products and services tailored to individual requirements.

However, with the benefits come challenges. The vast amounts of data collected by IoT devices raise concerns about data privacy, security, and regulatory compliance. Businesses must invest in robust cybersecurity measures, encryption protocols, and data governance frameworks to protect sensitive information and maintain customer trust.

Furthermore, the adoption of IoT requires careful planning and integration with existing systems. Interoperability, scalability, and standardization are critical considerations to ensure seamless connectivity and effective utilization of IoT technologies.

In conclusion, the rise of the Internet of Things presents tremendous opportunities for businesses across industries. Embracing IoT can drive operational efficiencies, enable data-driven decision-making, and unlock new avenues for innovation and growth. However, businesses must navigate the associated challenges and invest in robust security and infrastructure to fully capitalize on the potential of IoT and stay competitive in a connected world.',
        '2022-01-05',103);

INSERT INTO Content (ContentID, OrganizationID, Title, Description, Body, CreationDate, UserID)
VALUES (202,1,'Digital Transformation Strategies for Small and Medium Enterprises',
        'Discover effective digital transformation strategies tailored for small and medium enterprises (SMEs) in this informative article. Explore how SMEs can leverage digital technologies to streamline operations, enhance customer experiences, and drive growth in today''s rapidly evolving business landscape. Learn about key considerations, best practices, and practical steps to successfully embark on a digital transformation journey. Uncover the potential benefits and challenges that SMEs may encounter along the way, and gain insights into how digital transformation can position them for long-term success.',
        'Digital transformation has become a crucial driver of success for businesses of all sizes, including small and medium enterprises (SMEs). In an increasingly digital world, SMEs can harness the power of technology to optimize processes, improve agility, and deliver enhanced value to their customers. This article explores effective digital transformation strategies specifically designed for SMEs, empowering them to stay competitive and thrive in today''s digital age.

The first step in any digital transformation journey for SMEs is to define a clear vision and strategy. SMEs should identify their goals, challenges, and areas for improvement. This may include streamlining internal processes, increasing operational efficiency, expanding market reach, or improving customer engagement. By aligning digital transformation initiatives with business objectives, SMEs can set a solid foundation for success.

Next, SMEs need to assess their current technological capabilities and identify gaps that need to be addressed. This may involve evaluating existing systems, infrastructure, and IT resources. SMEs should prioritize investments in digital technologies that offer the most significant value and impact. Cloud computing, data analytics, customer relationship management (CRM) systems, and e-commerce platforms are examples of digital tools that can drive business growth and efficiency.

Engaging employees and fostering a digital culture is another critical aspect of successful digital transformation. SMEs should ensure that their workforce is equipped with the necessary digital skills and competencies to embrace and leverage new technologies. Training programs, upskilling initiatives, and change management strategies can help employees adapt to digital changes and become champions of innovation within the organization.',

     '2022-02-04', 102);

INSERT INTO Content (ContentID, OrganizationID, Title, Description, Body, CreationDate, UserID)
VALUES (203,1,'Enhancing Cybersecurity Measures for Modern Businesses',
        'In this comprehensive article, explore the importance of enhancing cybersecurity measures for modern businesses. With the increasing frequency and sophistication of cyber threats, it is imperative for organizations to prioritize cybersecurity to protect sensitive data, ensure business continuity, and maintain customer trust. Discover key strategies and best practices for bolstering cybersecurity defenses, mitigating risks, and staying one step ahead of cybercriminals. Learn about the latest technologies, employee training, incident response planning, and regulatory compliance to establish a robust cybersecurity framework for your business.',
        'Cybersecurity has become a critical concern for modern businesses operating in an increasingly digital and interconnected world. The rise in cyber threats, including data breaches, ransomware attacks, and phishing attempts, highlights the need for organizations to enhance their cybersecurity measures. By investing in robust defenses and implementing best practices, businesses can safeguard their valuable data, protect their reputation, and ensure uninterrupted operations.

One of the fundamental aspects of enhancing cybersecurity is implementing a multi-layered defense strategy. This strategy involves deploying a combination of technologies, such as firewalls, intrusion detection and prevention systems, antivirus software, and encryption methods. By implementing multiple layers of protection, businesses can create barriers that deter cybercriminals and mitigate the risk of unauthorized access to sensitive data.

Another critical element of cybersecurity is employee training and awareness. Human error is often exploited by cybercriminals through tactics like social engineering and phishing. By educating employees about cybersecurity best practices, recognizing phishing attempts, and promoting a security-conscious culture, businesses can significantly reduce the likelihood of successful attacks. Regular training sessions, simulated phishing exercises, and awareness campaigns can all contribute to strengthening the human firewall.

Additionally, having an effective incident response plan is essential for mitigating the impact of cyber incidents. Businesses should establish a well-defined process to detect, analyze, and respond to security breaches promptly. This includes designating a response team, outlining communication protocols, and conducting regular incident response drills. By having a clear plan in place, businesses can minimize downtime, limit the damage caused by cyberattacks, and ensure a swift recovery.

Staying informed about the latest cybersecurity trends, threats, and regulatory requirements is also crucial. Cybercriminals continually evolve their techniques, making it necessary for businesses to stay one step ahead. Regularly monitoring industry news, participating in cybersecurity forums, and partnering with cybersecurity experts can help businesses proactively identify and address vulnerabilities.

Compliance with relevant regulations and standards is another essential aspect of enhancing cybersecurity. Depending on the industry and location, businesses may need to adhere to specific cybersecurity frameworks, such as the General Data Protection Regulation (GDPR) or the Payment Card Industry Data Security Standard (PCI DSS). Achieving and maintaining compliance demonstrates a commitment to protecting sensitive data and helps build trust with customers and partners.

In conclusion, enhancing cybersecurity measures is paramount for modern businesses to safeguard their assets and maintain operational resilience. By implementing a multi-layered defense strategy, investing in employee training, developing an incident response plan, staying informed about cybersecurity trends, and ensuring regulatory compliance, businesses can bolster their cybersecurity posture. In an ever-evolving threat landscape, prioritizing cybersecurity is not only a business imperative but also a fundamental step in building trust and safeguarding the future of the organization.',
     '2022-03-15' ,  101);

INSERT INTO Content (ContentID, OrganizationID, Title, Description, Body, CreationDate, UserID)
VALUES (204,1,'The Future of Artificial Intelligence in Business Operations',
        'Discover the exciting potential of artificial intelligence (AI) in transforming business operations in this forward-looking article. Explore how AI technologies are revolutionizing various aspects of businesses, from automation and data analytics to customer experience and decision-making. Gain insights into the future implications of AI, the challenges and opportunities it presents, and the strategies for successfully integrating AI into business operations. Learn how businesses can leverage AI to drive innovation, improve efficiency, and gain a competitive edge in the ever-evolving landscape of the digital era.',
        'The future of artificial intelligence (AI) holds immense promise for revolutionizing business operations across industries. AI technologies, including machine learning, natural language processing, and predictive analytics, are reshaping the way businesses operate, make decisions, and interact with customers. This article explores the transformative impact of AI on various aspects of business operations and provides a glimpse into the future possibilities.

One significant area where AI is making a profound impact is automation. AI-powered algorithms and robotic process automation (RPA) enable businesses to streamline repetitive tasks, increase efficiency, and reduce operational costs. With AI, businesses can automate workflows, customer service interactions, inventory management, and other operational processes, freeing up human resources for more strategic and value-added activities.

Data analytics is another domain where AI is transforming business operations. AI algorithms can analyze vast amounts of data, identify patterns, and generate valuable insights that can drive informed decision-making. By leveraging AI-powered analytics, businesses can gain a deeper understanding of customer preferences, market trends, and operational inefficiencies, leading to improved products, services, and overall business performance.

Customer experience is a crucial focus for businesses, and AI is playing a vital role in enhancing it. AI-powered chatbots and virtual assistants provide personalized and efficient customer support, delivering prompt responses and tailored recommendations. Natural language processing enables businesses to understand and respond to customer feedback, sentiment, and inquiries on various digital platforms. AI can also facilitate personalized marketing campaigns, offering targeted recommendations and delivering hyper-personalized experiences to customers.

In the future, the integration of AI and Internet of Things (IoT) technologies will unlock even more possibilities for businesses. AI-enabled IoT devices can gather and process real-time data, optimizing operations, predictive maintenance, and supply chain management. Connected devices can communicate with each other, creating a network of intelligent systems that automate processes, improve efficiency, and enable autonomous decision-making.

While the future of AI in business operations is promising, it also presents challenges and considerations. Businesses need to address ethical concerns, such as data privacy, bias in AI algorithms, and the responsible use of AI. They must also invest in robust cybersecurity measures to protect sensitive data and ensure the integrity and reliability of AI systems.

To successfully integrate AI into business operations, organizations should develop a comprehensive AI strategy. This strategy should involve identifying areas where AI can create the most value, acquiring the necessary AI talent and expertise, fostering a data-driven culture, and establishing strong governance frameworks to ensure responsible and ethical AI usage.

In conclusion, the future of artificial intelligence in business operations is bright and transformative. AI technologies offer businesses unprecedented opportunities to automate processes, gain valuable insights, enhance customer experiences, and drive innovation. By embracing AI and developing thoughtful strategies for its implementation, businesses can unlock new levels of efficiency, competitiveness, and growth in the dynamic digital era.',
        '2022-07-18',103);

INSERT INTO Content (ContentID, OrganizationID, Title, Description, Body, CreationDate, UserID)
VALUES (205,2,'The Rise of Influencer Marketing and Its Influence on Consumer Behavior',
        'Delve into the phenomenon of influencer marketing and its profound influence on consumer behavior in this captivating article. Explore how influencers have risen to become key players in shaping consumer preferences, purchase decisions, and brand loyalty. Discover the power of social media platforms in facilitating influencer marketing campaigns and the strategies businesses employ to leverage this trend. Gain insights into the challenges and ethical considerations associated with influencer marketing and its implications for the future of advertising and consumer engagement.',
        'In recent years, influencer marketing has emerged as a dominant force in shaping consumer behavior and revolutionizing the advertising landscape. Influencers, individuals with a significant following and influence on social media platforms, have become powerful voices that consumers trust and admire. This article explores the rise of influencer marketing and its profound impact on consumer behavior.

One of the key reasons behind the success of influencer marketing is the authenticity and relatability that influencers bring to brand endorsements. Unlike traditional advertising, influencer marketing taps into the trust and connection influencers have built with their followers. Consumers perceive influencers as genuine individuals who provide honest opinions and recommendations, leading to higher engagement and a stronger influence on purchasing decisions.

Social media platforms have played a pivotal role in facilitating influencer marketing campaigns. Platforms like Instagram, YouTube, and TikTok have become fertile ground for influencers to create compelling content and engage with their audience. Through visually appealing posts, videos, and stories, influencers seamlessly integrate branded content into their feeds, capturing the attention and interest of their followers.

Influencer marketing has proven particularly effective in reaching niche markets and younger demographics. By partnering with influencers who cater to specific interests or belong to particular communities, businesses can target their messages more precisely. Influencers have the ability to create a sense of exclusivity and belonging among their followers, resulting in increased brand affinity and loyalty.

Measuring the impact of influencer marketing is another advantage it offers to businesses. With the help of analytics tools and tracking technologies, businesses can assess the reach, engagement, and conversion rates associated with influencer campaigns. This data-driven approach enables businesses to evaluate the return on investment (ROI) and make informed decisions about future influencer collaborations.

However, influencer marketing also comes with challenges and ethical considerations. The issue of transparency and disclosure is paramount, as influencers are required to clearly communicate when they are endorsing or promoting a brand. Maintaining authenticity and trust becomes crucial, and businesses must carefully select influencers whose values align with their own. Additionally, navigating the ever-evolving landscape of social media algorithms and changing influencer trends requires businesses to stay agile and adapt their strategies accordingly.

Looking ahead, influencer marketing is likely to continue its ascent and evolve further. The growth of micro-influencers, who have smaller but highly engaged audiences, presents new opportunities for businesses to target specific niches and foster authentic connections. Influencer-generated content, such as user-generated content, can further enhance brand credibility and engagement. Additionally, the rise of virtual influencers and AI-generated influencers adds an interesting dimension to the future of influencer marketing.

In conclusion, influencer marketing has become a powerful force in shaping consumer behavior and driving brand engagement. The authenticity, relatability, and reach of influencers have positioned them as trusted voices that consumers turn to for recommendations and inspiration. By understanding the dynamics of influencer marketing, businesses can harness its potential, connect with their target audience, and create meaningful brand experiences in the evolving landscape of consumer engagement.',
        '2022-12-08',107);

INSERT INTO Content (ContentID, OrganizationID, Title, Description, Body, CreationDate, UserID)
VALUES (206,2,'Exploring the Future of Streaming Services and Over-the-Top (OTT) Platforms',
        'Embark on a journey to explore the future of streaming services and over-the-top (OTT) platforms in this insightful article. Delve into the rapidly evolving landscape of digital entertainment and discover the trends, innovations, and challenges shaping the future of streaming. Uncover the impact of OTT platforms on traditional television and the strategies employed by streaming services to capture and retain audiences. Gain a glimpse into the emerging technologies, content formats, and consumer behaviors that will shape the future of entertainment consumption.',
        'The future of entertainment is increasingly centered around streaming services and over-the-top (OTT) platforms. As technology advances and consumer preferences shift, traditional television is facing disruption, making way for a new era of digital entertainment. This article explores the future of streaming services and OTT platforms, unveiling the trends, innovations, and challenges that lie ahead.

One of the primary drivers of the streaming revolution is the growing consumer demand for personalized and on-demand content. Streaming services offer viewers the flexibility to access their favorite movies, TV shows, and original productions whenever and wherever they choose. This convenience, coupled with the ability to customize viewing experiences, has propelled the popularity of streaming platforms among audiences worldwide.

As the streaming market becomes increasingly crowded, competition intensifies. Streaming services employ various strategies to capture and retain audiences. Original content has emerged as a key differentiator, with platforms investing heavily in creating exclusive shows and movies that cannot be found elsewhere. By offering unique and compelling content, streaming services aim to attract subscribers and foster loyalty.

Furthermore, technological advancements are shaping the future of streaming services. The proliferation of high-speed internet and the widespread adoption of connected devices, such as smart TVs, smartphones, and streaming sticks, have facilitated seamless streaming experiences. As 5G networks become more prevalent, streaming services are poised to offer higher quality video, faster buffering, and enhanced interactivity.

The emergence of over-the-top platforms has significantly disrupted the traditional television industry. OTT platforms bypass traditional broadcast channels, enabling content creators and distributors to reach audiences directly through the internet. This direct-to-consumer model empowers viewers to access a vast array of content without the need for cable or satellite subscriptions. The rise of OTT platforms has led to cord-cutting, where viewers opt for streaming services instead of traditional pay-TV options.

Looking ahead, the future of streaming services and OTT platforms is ripe with possibilities. Augmented reality (AR) and virtual reality (VR) technologies hold the potential to revolutionize the way audiences engage with content, offering immersive and interactive experiences. The integration of artificial intelligence (AI) can enhance content recommendations and personalization, ensuring viewers discover content tailored to their interests.

The rise of live streaming and user-generated content is also reshaping the streaming landscape. Platforms that enable users to stream live events, gaming sessions, and other real-time experiences are gaining popularity. Additionally, the advent of social viewing, where viewers can watch and interact with others in real-time, adds a social element to the streaming experience, fostering a sense of community.

However, streaming services and OTT platforms also face challenges in the future. The issue of content fragmentation arises as more streaming services enter the market, resulting in a fragmented viewing experience for consumers. Subscription fatigue can also be a concern, as audiences may become overwhelmed with the number of services they need to subscribe to access desired content. Striking a balance between content availability, affordability, and convenience will be crucial for the sustainability and success of streaming services.

In conclusion, the future of streaming services and OTT platforms promises continued disruption and innovation in the entertainment industry. With personalized content, technological advancements, and changing consumer behaviors, streaming services are reshaping the way audiences consume and engage with entertainment. By staying adaptable and embracing emerging technologies, streaming platforms can position themselves for success in an evolving landscape, offering viewers unparalleled'
,'2023-01-17',106);

INSERT INTO Content (ContentID, OrganizationID, Title, Description, Body, CreationDate, UserID)
VALUES (207,2,'The Role of Virtual Reality (VR) and Augmented Reality (AR) in Media Experiences',
        'Immerse yourself in the fascinating world of virtual reality (VR) and augmented reality (AR) as they revolutionize media experiences in this captivating article. Discover the transformative power of VR and AR technologies in enhancing storytelling, gaming, education, and various industries. Explore the unique capabilities of each technology and their potential to create immersive, interactive, and engaging media experiences. Gain insights into the challenges and future implications of VR and AR, as they continue to reshape the way we consume and interact with media.',
        'Virtual reality (VR) and augmented reality (AR) are redefining media experiences, offering users unparalleled levels of immersion and interactivity. These technologies have the ability to transport individuals to virtual worlds, enhance real-world environments, and transform the way we engage with media content. This article delves into the role of VR and AR in media experiences, unveiling their unique capabilities and far-reaching impact.

Virtual reality creates fully immersive experiences by placing users in simulated environments. With the help of VR headsets, users can visually and audibly immerse themselves in digital worlds, enabling them to explore, interact, and experience content in a highly engaging manner. From virtual tours of historical landmarks to lifelike gaming experiences and cinematic storytelling, VR opens up new dimensions of immersion and realism.

On the other hand, augmented reality overlays digital content onto the real world, enriching the user''s perception of their environment. AR can be experienced through smartphones, tablets, smart glasses, or specialized AR headsets. By overlaying digital objects, information, or interactive elements onto the real world, AR blurs the line between the physical and digital realms. From interactive educational experiences to real-time data visualization and advertising campaigns, AR enhances the way we perceive and interact with our surroundings.

Both VR and AR technologies have found applications across various media experiences. In gaming, VR offers players an unprecedented level of immersion, allowing them to step into the shoes of their virtual avatars and interact with virtual environments. AR gaming, on the other hand, merges digital gameplay elements with the real world, creating captivating and interactive experiences that blend physical and virtual elements.

In storytelling and entertainment, VR and AR have the potential to revolutionize the way narratives are presented and consumed. VR allows viewers to become active participants in the story, experiencing it from different perspectives and immersing themselves in the narrative world. AR, on the other hand, enhances storytelling by overlaying contextual information, interactive elements, and additional layers of content onto the physical environment, enriching the audience''s understanding and engagement.

The educational sector has also embraced VR and AR to enhance learning experiences. By simulating real-world scenarios and providing interactive and immersive environments, students can explore concepts, historical events, and scientific phenomena in a hands-on and engaging manner. AR enables learners to overlay digital information onto textbooks, physical objects, or laboratory settings, providing contextual and interactive learning experiences.

Beyond entertainment and education, VR and AR have implications for various industries. In architecture and design, VR enables immersive walkthroughs of virtual spaces and realistic visualizations of unbuilt structures. AR assists in overlaying digital models onto physical environments, facilitating spatial understanding and design visualization. In healthcare, VR is utilized for training medical professionals, simulating surgical procedures, and alleviating pain and anxiety through immersive experiences. AR aids in surgical navigation, overlaying patient information onto the surgeon''s field of view.

While VR and AR hold immense potential, they also present challenges. Technical limitations, such as the need for powerful hardware and potential motion sickness in VR, can impact user adoption. Content creation for VR and AR requires specialized skills and resources, and scalability can be a concern. Additionally, ethical considerations, such as privacy, data security, and the potential impact on social interactions, must be addressed as these technologies become more prevalent.

Looking ahead,','2023-03-29',105);

INSERT INTO Content (ContentID, OrganizationID, Title, Description, Body, CreationDate, UserID)
VALUES (208,2,'Transforming Journalism in the Digital Age Challenges and Opportunities',
        'Explore the dynamic landscape of journalism in the digital age as this article uncovers the transformative impact of technology on the field. Delve into the challenges and opportunities that arise with the shift to digital platforms, including the rise of citizen journalism, the changing business models, and the evolving role of journalists. Gain insights into the ways technology is reshaping news production, distribution, and consumption, and discover the potential for innovation and engagement in the digital journalism era.',
        'The digital age has brought about significant transformations in the field of journalism, presenting both challenges and opportunities for traditional media outlets and journalists. As technology continues to reshape news production, distribution, and consumption, this article explores the dynamic landscape of journalism in the digital age, uncovering the key challenges and opportunities that have emerged.

One of the notable challenges in the digital age is the rise of citizen journalism. With the advent of social media platforms and the widespread availability of smartphones, ordinary individuals have become active participants in the news ecosystem. Citizen journalists can capture and share news events in real-time, bypassing traditional gatekeepers and providing alternative perspectives. While this empowers individuals to contribute to the public discourse, it also raises concerns about the credibility, verification, and ethics of user-generated content.

The digital age has also disrupted traditional business models in journalism. The transition from print to digital platforms has led to declining revenues from advertising and subscriptions. As a result, news organizations have had to adapt and experiment with new revenue streams, such as paywalls, native advertising, and sponsored content. The challenge lies in finding a sustainable and profitable model that supports quality journalism while ensuring financial viability in the digital era.

Technology has not only presented challenges but also created opportunities for innovation and engagement in journalism. Digital platforms enable news organizations to reach wider audiences and deliver news in real-time. The use of multimedia elements, such as videos, interactive graphics, and podcasts, enriches storytelling and enhances audience engagement. Data journalism, powered by advanced analytics and visualization tools, allows journalists to uncover insights, explore trends, and present complex information in a compelling and accessible manner.

The evolving role of journalists in the digital age is also noteworthy. Journalists are now expected to be versatile and adept at using various digital tools and platforms. They must navigate the vast sea of information, verify sources, and fact-check amidst the proliferation of fake news and misinformation. Additionally, journalists are increasingly engaging with audiences through social media, building trust, and fostering two-way communication.

The digital age has democratized access to news and information, but it has also amplified the need for media literacy. Critical thinking, source evaluation, and digital literacy skills are essential for consumers to navigate the abundance of information available online. News organizations and educational institutions have a role to play in promoting media literacy and fostering responsible news consumption habits.

While the challenges in digital journalism are significant, opportunities for innovation and engagement abound. Artificial intelligence (AI) and automation technologies can assist journalists in tasks such as data analysis, content curation, and personalized news delivery. Virtual reality (VR) and augmented reality (AR) can offer immersive storytelling experiences, transporting audiences to the heart of news events. Collaboration between news organizations and technology companies can foster innovative solutions and approaches to journalism in the digital age.

In conclusion, the digital age has brought about transformative changes in the field of journalism. While challenges such as citizen journalism and shifting business models persist, opportunities for innovation, engagement, and audience reach have emerged. Embracing technology, fostering media literacy, and maintaining the principles of quality journalism will be crucial in navigating the evolving landscape of digital journalism and ensuring the public''s access to reliable, accurate, and impactful news in the digital age.',
        '2023-05-23',107);


INSERT INTO Content (ContentID, OrganizationID, Title, Description, Body, CreationDate, UserID)
VALUES (209,3,'The Role of Robotics and Automation in Healthcare Services',
        'Discover the transformative role of robotics and automation in revolutionizing healthcare services in this informative article. Explore how advancements in robotics and automation are reshaping medical procedures, patient care, and healthcare delivery. Gain insights into the benefits and challenges of incorporating these technologies into the healthcare industry, and understand the potential implications for healthcare professionals, patients, and the overall healthcare system.',
        'The field of healthcare is witnessing a remarkable transformation with the integration of robotics and automation. These technologies are revolutionizing medical procedures, patient care, and healthcare delivery, offering numerous benefits and presenting unique challenges. This article explores the role of robotics and automation in healthcare services, unveiling their impact on various aspects of the industry.

Robotic systems are being employed in surgical procedures to enhance precision, accuracy, and safety. Robotic-assisted surgeries enable surgeons to perform complex operations with enhanced dexterity and control. The use of robotic arms with built-in cameras and instruments allows for minimally invasive procedures, resulting in smaller incisions, reduced blood loss, faster recovery, and shorter hospital stays. Furthermore, robotic systems can be remotely operated, enabling telemedicine and bringing specialized care to underserved areas.

Automation plays a significant role in streamlining healthcare processes, improving efficiency, and reducing human errors. Administrative tasks, such as appointment scheduling, billing, and medical record management, can be automated, freeing up healthcare professionals'' time to focus on patient care. Automated systems for medication management help prevent medication errors and improve medication adherence. Robotics and automation also contribute to the development of automated diagnostic systems, enabling faster and more accurate diagnosis of diseases and conditions.

In addition to surgical and administrative applications, robotics and automation are transforming patient care. Robotic devices and exoskeletons assist individuals with mobility impairments, enabling them to regain independence and perform daily activities. Robotic companions and therapy robots provide emotional support and assist in rehabilitation programs. Automation in monitoring systems and wearable devices allows for continuous remote monitoring of patients'' vital signs, providing real-time data for timely intervention and personalized care.

While robotics and automation offer numerous benefits, challenges exist in their integration into healthcare services. Cost is a significant factor, as implementing robotic systems and automation technologies can require substantial investment. The training and upskilling of healthcare professionals to effectively utilize these technologies is crucial. Ethical considerations surrounding patient privacy, data security, and the appropriate balance between human judgment and automation also need to be addressed.

The implications of robotics and automation in healthcare extend beyond individual patient care. These technologies have the potential to reshape the healthcare workforce, with the roles of healthcare professionals evolving to adapt to the changing landscape. Collaborative efforts between humans and machines will become increasingly important, requiring interdisciplinary collaboration and the development of new skill sets.

The adoption of robotics and automation in healthcare services has the potential to enhance patient outcomes, improve access to care, and optimize healthcare delivery. However, it is important to ensure that these technologies are implemented responsibly, considering patient safety, ethical considerations, and the needs of healthcare professionals. Striking the right balance between human expertise and technological advancements will be crucial in realizing the full potential of robotics and automation in healthcare services.

In conclusion, robotics and automation are revolutionizing healthcare services, offering benefits across surgical procedures, patient care, and healthcare processes. While challenges exist, the integration of these technologies holds great promise for improving patient outcomes, optimizing healthcare delivery, and transforming the healthcare industry as a whole. With careful consideration and ongoing advancements, robotics and automation will continue to play a vital role in shaping the future of healthcare services.',
        '2022-05-08',111);

INSERT INTO Content (ContentID, OrganizationID, Title, Description, Body, CreationDate, UserID)
VALUES (210,3,'Enhancing Mental Health Support and Services in the Digital Era',
        'In this enlightening article, explore the transformative potential of digital technologies in enhancing mental health support and services. Discover how the digital era is reshaping the landscape of mental healthcare, from online therapy platforms to mental health apps and telepsychiatry. Gain insights into the benefits, challenges, and ethical considerations surrounding the integration of digital tools in mental health services, and understand the implications for both mental healthcare providers and individuals seeking support.',
        'The digital era has brought about significant advancements in mental health support and services, offering new possibilities for individuals struggling with mental health issues. From online therapy platforms to mental health apps and telepsychiatry, digital technologies are reshaping the landscape of mental healthcare. This article delves into the potential of digital tools in enhancing mental health support, unveiling their benefits, challenges, and ethical considerations.

One of the key benefits of digital mental health support is improved accessibility and convenience. Online therapy platforms and mental health apps provide individuals with the flexibility to seek support from the comfort of their own homes, eliminating geographical barriers and reducing the stigma associated with traditional face-to-face therapy. Through these platforms, individuals can access a wide range of mental health resources, self-help tools, and evidence-based interventions at their fingertips, empowering them to take an active role in their mental well-being.

Telepsychiatry, the use of video conferencing and telecommunications technology for psychiatric evaluations and consultations, has also emerged as a valuable tool in mental healthcare. Telepsychiatry enables individuals in remote or underserved areas to connect with mental health professionals, expanding access to specialized care. It also facilitates continuity of care for individuals who face challenges attending in-person appointments due to physical disabilities, transportation limitations, or other factors.

Digital tools in mental health support can also offer personalized and tailored interventions. Through data tracking and analysis, mental health apps can provide insights into an individual''s mood patterns, sleep habits, and stress levels, empowering individuals to gain a better understanding of their mental well-being and make informed decisions. Additionally, digital platforms can deliver targeted interventions and resources based on an individual''s specific needs and preferences, improving the effectiveness of mental health support.

However, challenges exist in the integration of digital tools in mental health services. Privacy and data security are critical considerations, as the collection and storage of sensitive mental health information must be handled with utmost care. Ensuring the accuracy and effectiveness of mental health apps and online platforms is another challenge, as the quality of available resources and interventions can vary significantly. Regulatory frameworks and guidelines need to be established to ensure the ethical use of digital tools and protect the rights and well-being of individuals seeking mental health support.

The role of mental healthcare providers is also evolving in the digital era. Mental health professionals must adapt to the use of digital technologies and acquire the necessary skills to deliver effective and ethical care through online platforms and telepsychiatry. The establishment of guidelines, training programs, and ethical frameworks is crucial in supporting mental healthcare providers in navigating the digital landscape and ensuring the delivery of high-quality care.

In conclusion, the digital era presents a wealth of opportunities for enhancing mental health support and services. Digital tools offer improved accessibility, convenience, personalization, and tailored interventions in mental healthcare. While challenges surrounding privacy, data security, and quality control exist, the integration of digital technologies has the potential to revolutionize mental health support, expanding access to care and empowering individuals to take charge of their mental well-being. With careful attention to ethical considerations and ongoing advancements, the digital era can bring about significant positive changes in the field of mental health support and services.',
        '2022-07-19',111);

INSERT INTO  Content (ContentID, OrganizationID, Title, Description, Body, CreationDate, UserID)
VALUES (211,3,'Healthcare Data Security and Privacy Ensuring Confidentiality in the Digital Age',
        'Explore the critical importance of healthcare data security and privacy in maintaining confidentiality in the digital age in this comprehensive article. Delve into the challenges and risks associated with protecting sensitive healthcare information, including electronic health records (EHRs) and personal health data. Gain insights into the key strategies, technologies, and regulatory frameworks employed to ensure the confidentiality and integrity of healthcare data, safeguarding patient privacy and maintaining trust in the healthcare industry.',
        'In the digital age, healthcare data security and privacy have become paramount concerns as the healthcare industry increasingly relies on electronic systems and platforms to store and manage sensitive patient information. This article delves into the crucial task of ensuring confidentiality in the digital age, exploring the challenges, risks, strategies, technologies, and regulatory frameworks associated with healthcare data security and privacy.

The healthcare industry generates vast amounts of sensitive data, ranging from electronic health records (EHRs) to personal health information. Protecting this information is critical to maintaining patient privacy and trust. One of the primary challenges in healthcare data security is the evolving nature of cyber threats. Malicious actors constantly seek to exploit vulnerabilities in healthcare systems, aiming to gain unauthorized access to patient data for financial gain or other malicious purposes. The increasing sophistication of cyberattacks and the potential consequences of data breaches underscore the importance of robust security measures.

To ensure the confidentiality of healthcare data, healthcare organizations employ various strategies and technologies. Encryption techniques, access controls, and secure authentication methods help prevent unauthorized access to sensitive information. Regular security assessments, vulnerability scanning, and penetration testing assist in identifying and addressing potential vulnerabilities in systems and applications. Employee training and awareness programs play a crucial role in promoting a culture of security and privacy within healthcare organizations, emphasizing the importance of safeguarding patient data.

Compliance with regulatory frameworks is another essential aspect of healthcare data security and privacy. Laws such as the Health Insurance Portability and Accountability Act (HIPAA) in the United States and the General Data Protection Regulation (GDPR) in the European Union set forth standards and requirements for the protection of personal health information. Healthcare organizations must adhere to these regulations and implement appropriate safeguards to ensure compliance and avoid penalties.

Technological advancements also contribute to healthcare data security. Blockchain technology, for instance, offers the potential for secure and transparent data sharing while maintaining privacy. By providing an immutable and decentralized ledger, blockchain can enhance data integrity, reduce the risk of unauthorized tampering, and enable secure data exchange between healthcare providers. Artificial intelligence (AI) and machine learning algorithms can analyze vast amounts of data to identify patterns and anomalies, assisting in detecting and mitigating security threats.

Despite the efforts in healthcare data security, challenges persist. The interoperability of healthcare systems, necessary for seamless sharing of patient data, introduces complexities in ensuring data security across different platforms and networks. Balancing the need for accessibility and usability with stringent security measures is an ongoing challenge. Additionally, the human element remains a vulnerability, as human error or negligence can lead to data breaches. Continuous education and training are essential to mitigate these risks.

In conclusion, healthcare data security and privacy are crucial considerations in the digital age. Protecting sensitive patient information is vital to maintain trust in the healthcare industry and safeguard patient privacy. Through the implementation of robust security measures, compliance with regulatory frameworks, and the adoption of advanced technologies, healthcare organizations can enhance the confidentiality and integrity of healthcare data. By prioritizing data security and privacy, the healthcare industry can continue to leverage the benefits of digital systems while safeguarding patient information and maintaining the highest standards of confidentiality.',
        '2022-09-19',110);

INSERT INTO Content (ContentID, OrganizationID, Title, Description, Body, CreationDate, UserID)
VALUES (212,3,'Improving Patient Engagement and Experience in Healthcare',
        'In this enlightening article, explore the importance of patient engagement and experience in healthcare and the strategies employed to enhance them. Discover how patient engagement can lead to better health outcomes, increased satisfaction, and improved healthcare delivery. Gain insights into the various approaches, technologies, and initiatives used to empower patients, promote shared decision-making, and create a patient-centered healthcare experience.',
        'Patient engagement and experience are key elements in delivering high-quality healthcare. Engaged patients who actively participate in their care experience better health outcomes, increased satisfaction, and improved overall healthcare delivery. This article explores the significance of patient engagement and experience in healthcare and highlights the strategies, technologies, and initiatives employed to enhance them.

Effective patient engagement starts with empowering patients and involving them in their care. Healthcare providers are adopting various strategies to encourage patient involvement, such as shared decision-making and patient education. Shared decision-making involves a collaborative approach, where healthcare providers and patients work together to make informed decisions about treatment options, considering the patient''s preferences, values, and goals. Patient education initiatives provide information and resources to help patients understand their conditions, treatment plans, and self-care strategies.

Technology plays a crucial role in improving patient engagement and experience. Patient portals and electronic health records (EHRs) allow patients to access their health information, communicate with healthcare providers, schedule appointments, and view test results. These digital platforms empower patients by providing them with convenient access to their healthcare information and fostering communication and transparency between patients and healthcare providers. Mobile health applications and wearable devices enable patients to monitor their health, track their progress, and receive personalized health recommendations, promoting active engagement in self-care.

Healthcare organizations are also implementing patient-centered initiatives to improve the overall healthcare experience. Patient-centered care focuses on tailoring healthcare services to meet the unique needs and preferences of individual patients. This approach involves treating patients with empathy, respect, and dignity, and ensuring that their voices are heard and respected throughout the care process. Patient satisfaction surveys and feedback mechanisms are utilized to gather patient insights and continuously improve the quality of care.

Engaging patients in their healthcare requires a shift in the traditional healthcare paradigm, emphasizing a collaborative and participatory approach. Healthcare providers are increasingly recognizing the importance of patient engagement and experience, not only in terms of improved health outcomes but also in enhancing patient satisfaction and loyalty.

However, challenges exist in achieving optimal patient engagement and experience. Health literacy levels, technological barriers, and disparities in access to healthcare services can hinder patient engagement efforts. Language barriers, cultural differences, and socio-economic factors may also influence patients'' ability to actively participate in their care. Healthcare organizations must strive to address these challenges by providing accessible and culturally sensitive healthcare services and tailoring engagement strategies to meet diverse patient needs.

In conclusion, patient engagement and experience are integral to delivering high-quality healthcare. Empowering patients, promoting shared decision-making, leveraging technology, and adopting patient-centered initiatives are key strategies to enhance patient engagement and experience. By fostering active patient participation and creating a patient-centered healthcare environment, healthcare providers can improve health outcomes, increase patient satisfaction, and optimize healthcare delivery. Embracing patient engagement as a fundamental principle of healthcare holds the potential to transform the patient-provider relationship and improve the overall healthcare experience.',
        '2023-02-18',111);

INSERT INTO Content (ContentID, OrganizationID, Title, Description, Body, CreationDate, UserID)
VALUES (213,4,'The Role of Technology in Transforming Teaching and Learning',
        'This informative article explores the significant role of technology in transforming teaching and learning in the education sector. Discover how technological advancements have revolutionized traditional classroom practices, opening up new avenues for interactive and personalized learning experiences. Gain insights into the benefits, challenges, and implications of technology integration in education, and understand how educators and learners can harness the power of technology to enhance educational outcomes.',
        'Technology has become an integral part of modern education, reshaping teaching and learning practices in profound ways. This article delves into the role of technology in transforming teaching and learning, highlighting its impact on educational approaches, student engagement, and learning outcomes.

One of the key benefits of technology in education is its ability to create interactive and immersive learning experiences. Digital tools, such as multimedia presentations, educational apps, and virtual reality (VR) applications, enable students to engage with content in dynamic and engaging ways. Interactive whiteboards, tablets, and laptops allow for collaborative learning, fostering student participation and active involvement. These technologies facilitate a shift from passive consumption of information to active exploration and discovery, promoting deeper understanding and knowledge retention.

Technology also enables personalized learning experiences, catering to individual student needs and preferences. Adaptive learning platforms and intelligent tutoring systems can assess students'' strengths, weaknesses, and learning styles, providing tailored instructional materials and adaptive feedback. This personalized approach helps students learn at their own pace, bridging learning gaps and maximizing their potential. Furthermore, online learning platforms and educational websites offer a wealth of resources, allowing students to explore diverse topics and access educational materials beyond the confines of traditional textbooks.

Digital tools and platforms also enhance communication and collaboration among students and teachers. Online discussion forums, video conferencing, and collaborative project management tools facilitate remote collaboration and enable students to work together irrespective of their physical location. These technologies promote the development of essential 21st-century skills, such as communication, teamwork, and digital literacy.

While technology has transformed teaching and learning, challenges exist in its integration. Access to technology and reliable internet connectivity can be a barrier, particularly in resource-constrained environments. Addressing the digital divide and ensuring equitable access to technology remains a critical challenge. Additionally, educators need ongoing professional development and training to effectively leverage technology in their teaching practices. Balancing the use of technology with other pedagogical approaches and maintaining a healthy balance between screen time and offline activities are important considerations.

The role of educators has evolved in the digital era, as they assume the role of facilitators and guides rather than sole providers of information. Educators play a crucial role in selecting and integrating appropriate technologies, designing engaging learning experiences, and guiding students in navigating the vast digital landscape while promoting digital citizenship and responsible technology use.

In conclusion, technology has revolutionized teaching and learning, offering interactive, personalized, and collaborative educational experiences. Its integration in education has the potential to enhance student engagement, promote personalized learning, and develop essential skills for the digital age. However, addressing challenges such as access, training, and maintaining a balanced approach is crucial. By harnessing the power of technology and embracing it as a tool for transformation, educators and learners can unlock new possibilities in teaching and learning, preparing students for success in the modern world.',
        '2021-06-01',115);

INSERT INTO Content (ContentID, OrganizationID, Title, Description, Body, CreationDate, UserID)
VALUES (214,4,'Equity and Inclusion in Education Bridging the Opportunity Gap',
        'This thought-provoking article explores the crucial topic of equity and inclusion in education, focusing on bridging the opportunity gap. It delves into the disparities that exist in educational opportunities based on factors such as race, socio-economic status, gender, and ability. Discover the challenges faced in achieving educational equity and inclusion and explore strategies, policies, and initiatives aimed at narrowing the opportunity gap and providing equal access to quality education for all learners.',
        'Equity and inclusion are fundamental principles in ensuring that every learner has equal access to quality education and opportunities for success. This article examines the importance of addressing the opportunity gap and promoting equity and inclusion in education, highlighting the challenges and strategies associated with achieving these goals.

Education systems around the world face disparities in access to educational opportunities, resources, and support based on factors such as race, socio-economic status, gender, and ability. These disparities contribute to an opportunity gap, where certain groups of students face systemic barriers that hinder their educational achievement and future prospects.

Achieving educational equity requires identifying and addressing the root causes of disparities. One key challenge is the uneven distribution of resources across schools and districts. Schools in disadvantaged areas often lack proper funding, qualified teachers, updated curricula, and modern learning resources. Closing the opportunity gap involves implementing policies and initiatives that allocate resources equitably, ensuring that all students have access to quality education, regardless of their socio-economic background or geographical location.

Promoting inclusion in education is also crucial for bridging the opportunity gap. Inclusive education aims to create learning environments that embrace diversity and cater to the unique needs of all learners. This includes students with disabilities, students from marginalized communities, and those with different cultural or linguistic backgrounds. Inclusive practices involve providing appropriate accommodations, promoting positive learning environments, and fostering a sense of belonging for all students.

To address equity and inclusion in education, various strategies and initiatives have been put in place. Affirmative action policies, for example, aim to provide equal opportunities for historically disadvantaged groups by implementing measures such as targeted admissions, scholarships, and mentorship programs. Culturally responsive teaching approaches recognize and value the diverse backgrounds and experiences of students, incorporating them into the curriculum and teaching methods. Restorative justice practices focus on creating a supportive and inclusive school climate by emphasizing conflict resolution and repairing harm rather than punitive measures.

Educators play a vital role in fostering equity and inclusion in education. They can promote inclusivity by adopting inclusive pedagogies, integrating diverse perspectives into the curriculum, and creating safe and supportive learning environments. Professional development and training programs are essential to equip educators with the knowledge and skills necessary to address the needs of all students effectively.

Collaboration among stakeholders is essential for achieving educational equity and inclusion. This includes collaboration between schools, communities, government agencies, and non-profit organizations. Working together, these entities can develop policies, programs, and initiatives that promote equity, break down barriers, and provide equal opportunities for all learners.

In conclusion, addressing the opportunity gap and promoting equity and inclusion in education is a complex but critical endeavor. By recognizing and addressing disparities in access to resources, embracing inclusive practices, implementing targeted policies and initiatives, and fostering collaboration among stakeholders, educational systems can work towards providing equal access to quality education for all learners. Bridging the opportunity gap and creating inclusive learning environments not only benefits individual students but also leads to a more equitable and prosperous society as a whole.',
        '2021-08-19',115);

INSERT INTO  Content (ContentID, OrganizationID, Title, Description, Body, CreationDate, UserID)
VALUES (215,4,'Early Childhood Education Setting the Foundation for Lifelong Learning',
        'This enlightening article explores the significance of early childhood education in setting the foundation for lifelong learning. Discover how early childhood education plays a crucial role in cognitive, social, and emotional development, and how it influences academic achievement and future success. Gain insights into the key components and approaches of effective early childhood education programs and understand the long-term benefits of investing in quality early learning experiences.',
        'Early childhood education is a vital phase in a child''s development, setting the foundation for lifelong learning and future success. This article delves into the significance of early childhood education, highlighting its impact on cognitive, social, and emotional development, as well as its influence on academic achievement and lifelong learning.

During the early years of a child''s life, the brain undergoes rapid development, laying the groundwork for future learning and cognitive abilities. Early childhood education programs provide stimulating and enriching environments that support brain development and facilitate the acquisition of essential skills. These programs offer age-appropriate activities and experiences that promote language development, problem-solving skills, creativity, and critical thinking abilities.

Early childhood education also plays a pivotal role in fostering social and emotional development. In early learning settings, children have opportunities to interact with their peers, develop social skills, and learn how to navigate relationships. They engage in cooperative play, share resources, and learn to communicate and resolve conflicts effectively. Early childhood educators provide guidance and support, helping children develop empathy, emotional regulation, and self-confidence, which are crucial for their social and emotional well-being.

Investing in early childhood education has long-term benefits for academic achievement. Studies have shown that children who participate in high-quality early learning experiences demonstrate higher levels of school readiness and perform better academically throughout their educational journey. They develop strong literacy and numeracy skills, critical thinking abilities, and a positive attitude towards learning. Quality early childhood education programs provide a solid foundation for future academic success.

Effective early childhood education programs encompass various components and approaches. Play-based learning is a prominent feature, as it allows children to explore, experiment, and make sense of the world around them through hands-on experiences. Early childhood educators create engaging and developmentally appropriate learning activities that align with children''s interests and needs. They focus on individualized instruction, recognizing and supporting each child''s unique strengths and areas of growth.

Collaboration between early childhood educators and families is vital for comprehensive child development. Parent involvement and engagement in early childhood education programs promote consistency between home and school environments, strengthen the parent-child bond, and enhance children''s overall learning experience.

Research emphasizes the importance of investing in quality early childhood education for all children, particularly those from disadvantaged backgrounds. Quality early learning experiences can help mitigate the effects of social and economic inequalities, narrowing the achievement gap and promoting greater equity in educational outcomes. Governments, policymakers, and communities must prioritize access to high-quality early childhood education programs to ensure that every child has the opportunity to thrive.

In conclusion, early childhood education is a critical phase in a child''s development, setting the foundation for lifelong learning. By providing stimulating environments, fostering cognitive, social, and emotional development, and promoting school readiness, early childhood education programs play a pivotal role in shaping a child''s future success. Investing in quality early learning experiences benefits not only individual children but also society as a whole, leading to improved educational outcomes, reduced disparities, and a more prosperous and inclusive future.',
        '2022-05-16',115);

INSERT INTO Content (ContentID, OrganizationID, Title, Description, Body, CreationDate, UserID)
VALUES (216,4,'Rethinking Assessment and Evaluation Moving Beyond Traditional Grading',
        'This thought-provoking article explores the need to rethink assessment and evaluation practices in education, moving beyond traditional grading systems. It delves into the limitations of conventional grading methods and the potential benefits of alternative approaches that focus on comprehensive student growth and learning outcomes. Discover innovative assessment strategies that promote deeper learning, encourage student engagement, and provide a more holistic view of student progress.',
        'Traditional grading systems have long been the standard method of assessing and evaluating student performance in education. However, there is growing recognition that these systems have limitations and may not fully capture the breadth and depth of student learning. This article examines the need to rethink assessment and evaluation practices, moving beyond traditional grading and embracing alternative approaches that provide a more comprehensive view of student growth and learning outcomes.

One of the key limitations of traditional grading is its heavy reliance on letter grades or numerical scores, which often reduce complex learning experiences to a single metric. This approach tends to prioritize memorization and regurgitation of information over critical thinking, creativity, and problem-solving skills. It may also create a competitive environment that fosters a fixed mindset rather than promoting a growth mindset among students.

To address these limitations, educators are exploring alternative assessment strategies that focus on comprehensive student growth and learning outcomes. Performance-based assessments, such as projects, portfolios, presentations, and exhibitions, allow students to demonstrate their knowledge and skills in authentic contexts. These assessments emphasize real-world application, critical thinking, creativity, and collaboration, providing a more accurate reflection of students'' abilities and preparedness for future challenges.

Another innovative approach is competency-based assessment, which focuses on the mastery of specific skills and knowledge. This approach allows students to progress at their own pace and provides targeted feedback to support their learning journey. Competency-based assessment recognizes that students may achieve mastery in different ways and acknowledges individual strengths and growth areas.

Formative assessment practices also play a crucial role in rethinking assessment and evaluation. Instead of relying solely on summative assessments at the end of a unit or course, formative assessments provide ongoing feedback throughout the learning process. These assessments can take various forms, such as quizzes, observations, discussions, and self-reflections. By incorporating formative assessment strategies, educators can guide students'' learning, identify areas for improvement, and provide timely interventions to support their progress.

Moving beyond traditional grading systems requires a shift in mindset among educators, students, and parents. It involves valuing the process of learning rather than solely focusing on the end result. By providing meaningful feedback, setting clear learning goals, and involving students in the assessment process, educators can foster student engagement and ownership of learning.

Implementing alternative assessment approaches also raises considerations of fairness, consistency, and accountability. It is essential to establish clear criteria and rubrics that align with learning objectives and provide a transparent framework for assessment. Training and support for educators in implementing these new approaches are crucial to ensure reliable and valid assessment practices.

In conclusion, rethinking assessment and evaluation practices in education is necessary to move beyond the limitations of traditional grading systems. By embracing alternative assessment strategies that emphasize comprehensive student growth, authentic application of knowledge and skills, and ongoing feedback, educators can promote deeper learning, student engagement, and a more holistic understanding of student progress. Shifting the focus from grades to a more comprehensive view of student learning outcomes is a transformative step towards creating a learner-centered educational environment that prepares students for success in the dynamic and complex world of the 21st century.'
,'2023-02-23',115);

INSERT INTO Content (ContentID, OrganizationID, Title, Description, Body, CreationDate, UserID)
VALUES (217,5,'E-commerce Solutions Exploring',
        'This informative article delves into the world of e-commerce solutions, exploring the various tools, technologies, and strategies that businesses can leverage to establish and grow their online presence. From setting up an online store to optimizing the user experience and implementing effective marketing tactics, this article provides insights into the key elements of successful e-commerce solutions and their potential impact on business growth and profitability.',
        'In today''s digital age, e-commerce has become a vital component of business success. This article explores the world of e-commerce solutions, shedding light on the tools, technologies, and strategies that businesses can utilize to establish and grow their online presence.

Setting up an online store is the first step towards entering the e-commerce realm. Businesses have a variety of options, including building a custom e-commerce website or utilizing popular e-commerce platforms that provide ready-to-use templates and functionalities. These platforms offer features such as inventory management, secure payment gateways, and customer support, making it easier for businesses to launch their online stores quickly and efficiently.

Optimizing the user experience is crucial for e-commerce success. Businesses should focus on creating intuitive navigation, mobile responsiveness, and fast-loading web pages to enhance the user''s shopping journey. Implementing search functionality, personalized recommendations, and streamlined checkout processes can also contribute to a seamless and satisfying user experience. By prioritizing user experience, businesses can increase customer satisfaction and drive repeat purchases.

Effective marketing tactics play a significant role in attracting and retaining customers in the competitive e-commerce landscape. Businesses can employ various digital marketing strategies, including search engine optimization (SEO), pay-per-click (PPC) advertising, social media marketing, email marketing, and content marketing. These tactics help businesses increase their online visibility, reach their target audience, and drive traffic to their e-commerce websites. It is crucial to develop a comprehensive marketing strategy tailored to the unique needs and goals of the business.

Harnessing the power of data and analytics is another key aspect of e-commerce solutions. By leveraging tools and technologies for data collection and analysis, businesses can gain valuable insights into customer behavior, preferences, and purchasing patterns. This information can be used to personalize marketing campaigns, improve product offerings, optimize pricing strategies, and enhance the overall customer experience. Data-driven decision-making empowers businesses to make informed choices that drive growth and profitability.

In addition to these core elements, businesses must prioritize security and trust in their e-commerce solutions. Implementing robust security measures, such as SSL certificates and secure payment gateways, ensures the protection of customer information and fosters trust among online shoppers. Building transparent and reliable customer service channels is also essential for resolving issues and building positive customer relationships.

E-commerce solutions offer businesses immense opportunities for growth and profitability. They enable businesses to reach a global customer base, operate 24/7, and capitalize on the convenience and accessibility of online shopping. However, it is important for businesses to continually adapt and evolve their e-commerce strategies to keep up with changing customer expectations, market trends, and technological advancements.

In conclusion, e-commerce solutions provide businesses with a gateway to success in the digital landscape. By leveraging the right tools, technologies, and strategies, businesses can establish and grow their online presence, attract and retain customers, and drive revenue. Embracing e-commerce opens doors to a world of opportunities, enabling businesses to thrive in the dynamic and ever-evolving realm of online commerce.'
,'2023-01-25',119);

INSERT INTO Content (ContentID, OrganizationID, Title, Description, Body, CreationDate, UserID)
VALUES (218,5,'Supply Chain Optimization Streamlining the supply chain',
        'This insightful article explores the concept of supply chain optimization and its significance in streamlining business operations. It delves into the various strategies and technologies that can be employed to enhance supply chain efficiency, reduce costs, and improve overall performance. Discover how organizations can leverage data analytics, automation, and collaboration to optimize their supply chains and gain a competitive edge in today''s dynamic business landscape.',
        'In the modern business landscape, supply chain optimization has become a crucial focus for organizations aiming to enhance operational efficiency, reduce costs, and deliver products and services in a timely manner. This article delves into the concept of supply chain optimization and explores the strategies and technologies that can streamline the supply chain process.

Supply chain optimization involves maximizing the efficiency and effectiveness of every step involved in the flow of goods, services, and information from the source to the end consumer. It encompasses activities such as procurement, production, inventory management, logistics, and customer fulfillment. By optimizing these processes, organizations can minimize inefficiencies, reduce costs, and improve customer satisfaction.

Data analytics plays a key role in supply chain optimization. Organizations can leverage advanced analytics tools and techniques to gain insights into various aspects of the supply chain, including demand forecasting, inventory management, transportation routes, and supplier performance. By analyzing historical and real-time data, organizations can make informed decisions, identify areas for improvement, and optimize their supply chain operations accordingly.

Automation is another critical component of supply chain optimization. By automating repetitive and time-consuming tasks, organizations can streamline processes, reduce human error, and improve efficiency. Automation technologies such as robotics, machine learning, and artificial intelligence can be employed in areas like inventory management, order processing, warehouse operations, and transportation logistics, leading to faster and more accurate operations.

Collaboration and information sharing across the supply chain network are essential for optimization. Organizations can establish strong relationships with suppliers, distributors, and other partners, fostering collaboration and aligning goals. By sharing real-time information and working collaboratively, organizations can improve visibility, coordination, and responsiveness within the supply chain, resulting in reduced lead times, enhanced customer service, and better overall performance.

Supply chain optimization also involves strategic decision-making. Organizations must analyze their supply chain networks, evaluate alternative sourcing and distribution strategies, and identify opportunities for consolidation or outsourcing. By optimizing the overall design of the supply chain, organizations can achieve cost savings, reduce environmental impact, and enhance agility to respond to changing market conditions.

Risk management is an integral part of supply chain optimization. Organizations need to identify and mitigate potential risks that could disrupt the supply chain, such as natural disasters, geopolitical events, or supplier disruptions. Implementing contingency plans, diversifying suppliers, and investing in robust risk management strategies can help organizations minimize the impact of disruptions and ensure continuity of operations.

In conclusion, supply chain optimization is essential for organizations seeking to streamline their operations and gain a competitive edge. By leveraging data analytics, automation, collaboration, and strategic decision-making, organizations can optimize their supply chains, reduce costs, improve customer satisfaction, and enhance overall performance. In today''s dynamic business landscape, supply chain optimization is a strategic imperative that enables organizations to meet the ever-growing demands of customers while staying ahead of the competition.',
        '2023-03-15',119);

INSERT INTO Content (ContentID, OrganizationID, Title, Description, Body, CreationDate, UserID)
VALUES (219,5,'Customer Relationship Management (CRM) for Retail',
        'This comprehensive article explores the significance of Customer Relationship Management (CRM) in the retail industry. It delves into the various strategies and technologies that retailers can employ to effectively manage customer relationships, enhance customer satisfaction, and drive business growth. Discover how CRM systems can optimize marketing, sales, and customer service processes to create personalized experiences, build customer loyalty, and boost revenue in the retail sector.',
        'In the highly competitive retail industry, establishing and maintaining strong customer relationships is crucial for success. Customer Relationship Management (CRM) systems play a vital role in helping retailers effectively manage these relationships, enhance customer satisfaction, and drive business growth. This article explores the significance of CRM for retail and examines the strategies and technologies that retailers can employ to optimize their CRM efforts.

At the heart of CRM for retail lies the goal of understanding customers'' needs, preferences, and behaviors to create personalized experiences and build long-term loyalty. CRM systems enable retailers to collect and analyze customer data from various touchpoints, including in-store interactions, online purchases, social media engagement, and customer service interactions. By leveraging this data, retailers can gain valuable insights into their customers'' preferences, buying patterns, and lifetime value, allowing for targeted marketing campaigns and personalized customer experiences.

One of the key strategies in CRM for retail is segmentation and targeting. By segmenting customers based on factors such as demographics, purchase history, and preferences, retailers can tailor their marketing efforts to specific customer groups. This includes delivering personalized product recommendations, targeted promotions, and relevant content through various channels, such as email marketing, mobile apps, and social media platforms. Such personalized interactions enhance customer engagement and increase the likelihood of repeat purchases.

CRM systems also enable retailers to streamline their sales processes and improve sales effectiveness. By integrating CRM with point-of-sale (POS) systems, retailers can capture customer information at the time of purchase, enabling them to track individual customer transactions, identify trends, and provide personalized recommendations during future interactions. Additionally, CRM systems provide sales teams with a centralized database of customer information, enabling them to effectively manage leads, track sales opportunities, and nurture customer relationships.

Customer service is another critical aspect of CRM for retail. CRM systems allow retailers to centralize customer support inquiries, track customer interactions, and provide timely and personalized responses. By leveraging CRM tools, retailers can deliver efficient and effective customer service, resolving issues promptly and building positive customer experiences. CRM systems also facilitate customer self-service options, such as online chatbots or knowledge bases, empowering customers to find answers to their queries independently.

Moreover, CRM for retail extends beyond individual customer interactions to encompass customer loyalty and retention strategies. CRM systems enable retailers to implement loyalty programs, track customer loyalty points, and provide exclusive rewards and offers to loyal customers. By nurturing customer relationships and providing added value, retailers can foster customer loyalty, encourage repeat purchases, and increase customer lifetime value.

The integration of CRM systems with other retail technologies is key to unlocking their full potential. Integration with e-commerce platforms, inventory management systems, and marketing automation tools allows retailers to create a seamless customer experience across different channels and touchpoints. This integration enables real-time data synchronization, personalized marketing automation, and efficient order fulfillment, providing customers with a cohesive and satisfying shopping experience.

In conclusion, CRM plays a vital role in the retail industry by enabling retailers to effectively manage customer relationships, enhance customer satisfaction, and drive business growth. By leveraging CRM strategies and technologies, retailers can create personalized experiences, build customer loyalty, and boost revenue. In an increasingly competitive retail landscape, CRM is a powerful tool that empowers retailers to understand their customers better, deliver exceptional service, and stay ahead of the competition.',
        '2023-02-17',119);
INSERT INTO Content (ContentID, OrganizationID, Title, Description, Body, CreationDate, UserID)
VALUES (220,5,'Point of Sale (POS) Systems Benefits',
        'This informative article explores the benefits of Point of Sale (POS) systems for businesses. It delves into the various advantages that POS systems offer, including streamlined transactions, improved inventory management, enhanced reporting and analytics, and increased customer satisfaction. Discover how implementing a POS system can help businesses optimize their operations, increase efficiency, and drive growth.',
        'Point of Sale (POS) systems have revolutionized the way businesses handle transactions and manage their operations. This article explores the benefits of implementing a POS system and how it can positively impact businesses across various industries.

One of the primary advantages of a POS system is streamlined transactions. Traditional cash registers are being replaced by modern POS systems that offer advanced functionalities. With a POS system, businesses can quickly and accurately process sales transactions, accept multiple payment methods, and generate receipts or invoices in a matter of seconds. This not only saves time but also improves the overall customer experience by reducing wait times and increasing checkout efficiency.

Inventory management is another key benefit of POS systems. By integrating a POS system with inventory management software, businesses gain real-time visibility into their stock levels. Automated inventory tracking allows businesses to easily monitor product availability, track sales trends, and generate alerts for low stock or reorder points. This helps businesses optimize their inventory levels, reduce the risk of stockouts or overstocking, and improve overall inventory accuracy.

POS systems also offer robust reporting and analytics capabilities. Business owners and managers can access comprehensive sales reports, track key performance indicators, and analyze sales trends and patterns. These insights enable businesses to make data-driven decisions, identify areas for improvement, and devise effective strategies to increase revenue. With detailed analytics, businesses can understand customer preferences, identify top-selling products, and optimize pricing and promotions.

Customer satisfaction is significantly enhanced through the use of POS systems. With integrated customer management features, businesses can capture customer information, track purchase history, and provide personalized service. Businesses can also offer loyalty programs and reward customers for their continued patronage. Additionally, POS systems facilitate efficient order management, enabling businesses to process customer orders accurately and promptly, resulting in improved customer satisfaction and loyalty.

POS systems provide businesses with increased operational efficiency. By automating various tasks, such as sales calculations, inventory updates, and reporting, businesses can reduce manual errors and free up staff time for more strategic activities. POS systems can also integrate with other business software, such as accounting or customer relationship management (CRM) systems, streamlining processes and eliminating the need for duplicate data entry.

Furthermore, POS systems offer scalability and flexibility. As businesses grow and expand, POS systems can accommodate increased transaction volume, support additional locations, and adapt to evolving business needs. Cloud-based POS systems provide the advantage of remote access, allowing business owners to monitor sales and manage operations from anywhere.

In conclusion, implementing a POS system offers numerous benefits to businesses. From streamlined transactions and improved inventory management to enhanced reporting and analytics, POS systems help businesses optimize their operations, increase efficiency, and drive growth. With the ability to provide superior customer service, manage inventory effectively, and gain valuable insights, businesses can gain a competitive edge in today''s dynamic marketplace. Whether a small retail store or a large restaurant chain, businesses of all sizes can reap the benefits of implementing a POS system.',
        '2023-03-06',119);

INSERT INTO  Content (ContentID, OrganizationID, Title, Description, Body, CreationDate, UserID)
VALUES (221,6,'Cybersecurity in Government Examining',
        'This article delves into the critical topic of cybersecurity in government organizations. It explores the challenges and implications of cybersecurity threats faced by government entities and highlights the importance of robust cybersecurity measures. Discover the various strategies and technologies that government agencies can employ to safeguard sensitive data, protect critical infrastructure, and ensure the confidentiality, integrity, and availability of information in the face of evolving cyber threats.',
        'As government organizations increasingly rely on digital systems and networks to store and manage sensitive information, the importance of cybersecurity has become paramount. This article examines the challenges and implications of cybersecurity threats in the government sector and emphasizes the need for robust cybersecurity measures.

Government entities, at all levels, face a myriad of cybersecurity challenges. They are attractive targets for cybercriminals due to the vast amount of valuable data they store, including citizen records, financial information, and classified documents. The implications of successful cyber attacks on government systems can be far-reaching, ranging from the compromise of sensitive information to disruptions in critical infrastructure and potential threats to national security.

To combat these challenges, government organizations must implement comprehensive cybersecurity strategies. This includes establishing strong cybersecurity governance frameworks, developing effective policies and procedures, and fostering a culture of cybersecurity awareness and vigilance among employees. Regular risk assessments and vulnerability scans should be conducted to identify potential weaknesses and prioritize cybersecurity investments.

Government agencies must also employ advanced technologies and tools to safeguard their systems and networks. This includes implementing firewalls, intrusion detection and prevention systems, encryption technologies, and secure access controls. Endpoint security solutions, such as antivirus software and endpoint detection and response (EDR) systems, are essential for protecting individual devices from malware and other cyber threats.

In addition to technical measures, government organizations must prioritize employee training and awareness programs. Human error and negligence are common factors in successful cyber attacks. By educating employees about best practices for cybersecurity, such as creating strong passwords, recognizing phishing emails, and following proper data handling procedures, government agencies can significantly reduce the risk of security breaches.

Collaboration and information sharing are crucial in the realm of government cybersecurity. Government organizations should establish partnerships with other agencies, industry experts, and international counterparts to exchange threat intelligence, share best practices, and coordinate incident response efforts. The collaboration between the public and private sectors is also essential for effective cybersecurity, as government agencies can benefit from the expertise and innovative solutions offered by cybersecurity companies.

Moreover, government organizations must stay vigilant and adapt to the evolving cyber threat landscape. Cybersecurity is an ongoing process that requires continuous monitoring, threat hunting, and proactive incident response capabilities. Timely detection and response to security incidents are vital to minimize the impact of potential breaches and prevent further damage.

Furthermore, compliance with relevant regulations and standards is crucial for government cybersecurity. Governments often have specific cybersecurity requirements and guidelines that agencies must adhere to. Compliance with regulations such as the NIST Cybersecurity Framework or international standards like ISO 27001 helps ensure that government entities maintain a robust cybersecurity posture and meet the necessary legal and regulatory obligations.

In conclusion, cybersecurity in government organizations is a critical and complex undertaking. The ever-evolving threat landscape requires constant vigilance and proactive measures to safeguard sensitive data, protect critical infrastructure, and ensure the confidentiality, integrity, and availability of information. By implementing comprehensive cybersecurity strategies, leveraging advanced technologies, fostering a culture of cybersecurity awareness, and collaborating with relevant stakeholders, government agencies can mitigate cyber risks and protect their vital assets from malicious actors.',
        '2022-12-29',123);

INSERT INTO Content (ContentID, OrganizationID, Title, Description, Body, CreationDate, UserID)
VALUES (222,6,'Government Cloud Computing Exploring',
        'This article explores the concept of government cloud computing and its potential benefits for government agencies. It delves into the unique considerations and challenges faced by governments in adopting cloud computing solutions and highlights the potential advantages, including increased efficiency, cost savings, scalability, and improved citizen services. Discover how government cloud computing can transform the way governments deliver services, manage data, and enhance overall operational capabilities.',
        'Government organizations are increasingly turning to cloud computing to modernize their IT infrastructure and streamline operations. Government cloud computing refers to the utilization of cloud-based services and technologies by government agencies to store, manage, and process data and applications. This article examines the concept of government cloud computing, explores its benefits, and addresses the unique considerations and challenges faced by governments in adopting cloud solutions.

One of the key advantages of government cloud computing is increased efficiency and agility. By migrating to the cloud, government agencies can reduce the burden of managing and maintaining complex IT infrastructure on-premises. Cloud service providers handle the hardware and software infrastructure, allowing government organizations to focus on their core functions and allocate resources more effectively. This leads to improved operational efficiency, faster deployment of services, and quicker response times to citizen needs.

Cost savings is another significant benefit of government cloud computing. Cloud-based solutions eliminate the need for substantial upfront investments in hardware, software licenses, and infrastructure maintenance. Government agencies can leverage the pay-as-you-go model, paying only for the resources they consume. This scalability allows for better cost management and the ability to align expenses with actual usage. Furthermore, cloud computing reduces the need for in-house IT staff, as the responsibility for managing the infrastructure is shifted to the cloud service provider.

Scalability and flexibility are inherent features of cloud computing that can greatly benefit government agencies. With cloud services, governments can easily scale their computing resources up or down based on demand. This agility enables them to handle peak workloads efficiently, accommodate sudden increases in citizen service demands, and quickly adapt to changing requirements. Cloud-based solutions also offer the flexibility to integrate with existing systems and applications, enabling seamless data exchange and interoperability across government departments.

Improved citizen services are a key goal of government cloud computing. Cloud-based platforms provide a foundation for delivering digital services to citizens in a more efficient and user-friendly manner. By leveraging the cloud, governments can offer citizens self-service portals, online forms, and streamlined processes for accessing government services and information. Cloud computing also facilitates data sharing and collaboration among government agencies, leading to more integrated and coordinated service delivery.

Security and data privacy are paramount concerns for government organizations. When considering cloud adoption, governments must ensure that their chosen cloud service provider adheres to stringent security standards and industry best practices. Government cloud solutions typically incorporate robust security measures, including encryption, access controls, and regular security audits. Additionally, governments may opt for private or hybrid cloud models to maintain greater control over sensitive data and critical systems.

The unique considerations for government cloud computing include compliance with regulations, data sovereignty, and vendor lock-in. Governments must ensure that the chosen cloud provider complies with relevant data protection laws and regulations, particularly when sensitive citizen data is involved. Data sovereignty refers to the location and legal jurisdiction of where data is stored, and governments may have specific requirements to store certain data within their borders. Vendor lock-in should also be considered, as governments should have contingency plans to switch providers or migrate data if necessary.

In conclusion, government cloud computing offers numerous benefits, including increased efficiency, cost savings, scalability, and improved citizen services. Despite unique considerations and challenges, cloud solutions empower government agencies to modernize their IT infrastructure, enhance operational capabilities, and deliver services more effectively. By carefully evaluating cloud providers, addressing security concerns, and ensuring compliance with regulations, governments can harness the potential of cloud computing to drive digital transformation and meet the evolving needs of citizens in the digital',
        '2023-02-15',123);

INSERT INTO Content (ContentID, OrganizationID, Title, Description, Body, CreationDate, UserID)
VALUES (223,6,'Digital Identity and Authentication',
        'This article explores the concept of digital identity and authentication in the digital age. It delves into the importance of secure and reliable digital identities for individuals and organizations, highlighting the challenges and considerations in establishing robust authentication mechanisms. Discover the various technologies and approaches used for digital identity verification, such as biometrics, multi-factor authentication, and blockchain, and the implications for privacy, security, and user experience in the digital realm.',
        'In an increasingly digital world, the concept of digital identity and authentication has gained significant importance. This article explores the significance of secure and reliable digital identities and the challenges involved in establishing robust authentication mechanisms.

Digital identity refers to the representation of an individual or organization in the digital realm. It is a unique identifier that establishes the digital presence of entities and enables them to engage in various online activities securely. Digital identities are essential for access to online services, financial transactions, communication platforms, and other digital interactions.

The establishment of robust authentication mechanisms is crucial to ensure the integrity and security of digital identities. Traditional methods of authentication, such as usernames and passwords, are increasingly vulnerable to cyber threats, including phishing, credential stuffing, and brute-force attacks. As a result, organizations and individuals are adopting more sophisticated approaches to verify digital identities and enhance security.

Biometric authentication is one such technology that has gained popularity. It involves the use of unique physical or behavioral characteristics, such as fingerprints, facial recognition, voice patterns, or iris scans, to verify the identity of individuals. Biometrics offer a higher level of security as they are difficult to forge or replicate, providing a more reliable means of authentication.

Another approach to digital identity authentication is multi-factor authentication (MFA). MFA combines multiple verification methods, typically something the user knows (e.g., a password), something the user has (e.g., a security token), and something the user is (e.g., a fingerprint). This layered approach significantly enhances security by requiring the user to provide multiple proofs of identity.

Blockchain technology has also emerged as a potential solution for digital identity and authentication. Blockchain offers a decentralized and tamper-resistant platform for identity verification. It allows individuals to control their own digital identities and provides a secure and transparent method for authentication, eliminating the need for intermediaries.

While the benefits of digital identity and authentication are evident, there are several considerations and challenges to address. Privacy is a significant concern when it comes to digital identities, as the collection and storage of personal data raise questions about data protection and consent. Balancing the need for secure authentication with user privacy rights is crucial in establishing trust in digital identity systems.

Security is another critical aspect to consider. As digital identities become more valuable targets for cybercriminals, ensuring robust security measures is essential to prevent unauthorized access and identity theft. Organizations must implement strong encryption, secure data storage, and continuous monitoring to detect and mitigate potential threats.

User experience is also a vital consideration. While security measures are necessary, they should not hinder usability or cause inconvenience for users. Striking the right balance between security and user experience is essential to encourage widespread adoption of digital identity solutions.

Furthermore, collaboration among stakeholders is crucial for the success of digital identity initiatives. Governments, businesses, and technology providers need to work together to establish interoperable and standardized digital identity frameworks. This collaboration enables seamless identity verification across various platforms and enhances the user experience.

In conclusion, digital identity and authentication play a vital role in the digital age. Establishing secure and reliable digital identities is crucial for individuals and organizations to engage in online activities confidently. By adopting technologies such as biometrics, multi-factor authentication, and blockchain, and addressing privacy, security, and user experience considerations, the digital realm can become a safer and more trusted environment for all users.',
        '2023-03-18',123);

INSERT INTO Content (ContentID, OrganizationID, Title, Description, Body, CreationDate, UserID)
VALUES (224,6,'Open Data Initiatives',
        'This article explores the concept of open data initiatives and their impact on governments, businesses, and society as a whole. It delves into the importance of making government data accessible and transparent to the public, highlighting the potential benefits, challenges, and considerations in implementing open data initiatives. Discover how open data initiatives can drive innovation, foster collaboration, and empower citizens to make informed decisions.',
        'Open data initiatives have gained significant traction in recent years as governments recognize the value of making public data freely available to citizens, businesses, and other stakeholders. This article explores the concept of open data initiatives and their impact on governments, businesses, and society at large.

Open data refers to the idea of making government-held data accessible and transparent to the public. It involves releasing datasets, documents, and information collected by government agencies in a machine-readable format that can be freely accessed, used, and shared by anyone. By opening up data, governments aim to promote transparency, foster innovation, enable evidence-based decision-making, and drive economic and social development.

One of the key benefits of open data initiatives is the potential for innovation. When government data is made available to the public, entrepreneurs, researchers, and developers can leverage it to create new applications, services, and solutions. This can lead to the development of innovative technologies, data-driven insights, and novel approaches to addressing societal challenges. Open data fuels entrepreneurship and stimulates economic growth by providing a valuable resource for the private sector to build upon.

Furthermore, open data initiatives encourage collaboration between government and the public. By making data accessible, governments invite citizens to actively participate in governance, hold public officials accountable, and contribute to public decision-making processes. Open data can empower individuals and communities to better understand government activities, monitor performance, and propose data-driven solutions to societal problems. It strengthens the relationship between government and citizens, fostering trust and transparency.

Open data also has the potential to drive efficiency and effectiveness in government operations. By opening up datasets, governments can benefit from the collective intelligence of the public. Citizens and businesses can analyze and provide insights into the data, identifying inefficiencies, suggesting improvements, and helping to shape better policies and services. Open data initiatives enable governments to tap into the wisdom of the crowd, resulting in more responsive and citizen-centric governance.

However, implementing open data initiatives comes with challenges and considerations. Privacy and security are significant concerns when it comes to releasing government data. Personal and sensitive information must be adequately protected to ensure privacy rights are upheld. Governments must carefully anonymize and de-identify data to mitigate privacy risks and establish robust security measures to prevent unauthorized access or misuse of sensitive information.

Data quality and standardization are also important considerations. Government datasets need to be accurate, reliable, and properly documented to ensure they can be effectively used by the public. Standardizing data formats, metadata, and definitions enhances data interoperability and facilitates data integration and analysis across different sources.

Moreover, ensuring accessibility and inclusivity is crucial in open data initiatives. Governments should strive to make data accessible to diverse user groups, including individuals with disabilities, non-technical users, and those with limited digital literacy. Providing user-friendly interfaces, clear documentation, and supporting tools can enhance data accessibility and promote broader participation.

In conclusion, open data initiatives have the potential to transform governance, foster innovation, and empower citizens. By making government data accessible and transparent, governments can drive economic growth, enhance collaboration, and enable evidence-based decision-making. While challenges exist in terms of privacy, security, data quality, and accessibility, addressing these considerations can help governments harness the full potential of open data to create a more transparent, accountable, and participatory society.',
        '2023-04-29',123);

INSERT INTO Content (ContentID, OrganizationID, Title, Description, Body, CreationDate, UserID)
VALUES (225,7,'Nonprofit Marketing and Branding Examining',
        'This article explores the realm of nonprofit marketing and branding and delves into the unique considerations and strategies involved in promoting and establishing a strong brand presence for nonprofit organizations. It highlights the importance of effective marketing and branding in attracting donors, building trust, and raising awareness for social causes. Discover the key elements of successful nonprofit marketing campaigns, storytelling techniques, and the use of digital platforms to amplify impact and engage with supporters.'
        ,'Nonprofit organizations play a critical role in addressing societal challenges and advocating for social causes. Effective marketing and branding are essential for nonprofits to create awareness, attract donors, and build trust among their target audience. This article examines the realm of nonprofit marketing and branding, exploring the strategies and considerations that contribute to their success.

Building a strong brand presence is crucial for nonprofit organizations to differentiate themselves and communicate their mission effectively. Nonprofit branding goes beyond creating a recognizable logo or visual identity; it encompasses the values, reputation, and overall perception of the organization. A well-defined brand identity helps nonprofits establish credibility, gain trust, and connect with their supporters on an emotional level.

Storytelling plays a significant role in nonprofit marketing and branding. By sharing compelling stories that highlight the impact of their work, nonprofits can engage and inspire their audience. Stories humanize the cause, create an emotional connection, and motivate individuals to take action. Nonprofits can use storytelling techniques to showcase success stories, share testimonials from beneficiaries, and demonstrate the real-world impact of their programs.

In the digital age, leveraging digital platforms is essential for nonprofit marketing and branding. Nonprofits can use websites, social media, email marketing, and online advertising to reach a wider audience, engage with supporters, and drive donations. Online platforms provide opportunities for nonprofits to share their mission, communicate their impact, and mobilize supporters effectively. They can also leverage crowdfunding platforms and peer-to-peer fundraising to expand their reach and raise funds for their initiatives.

Another key element of nonprofit marketing is donor engagement. Nonprofits need to cultivate relationships with their donors, communicate the impact of their contributions, and express gratitude for their support. Donor engagement strategies can include personalized communication, regular updates on projects and outcomes, and opportunities for involvement and volunteering. Building a strong donor community fosters loyalty and long-term support.

Collaboration and partnerships are also valuable in nonprofit marketing and branding. Nonprofits can team up with corporations, other nonprofits, influencers, and community leaders to amplify their message, expand their reach, and access new resources. Strategic partnerships allow nonprofits to tap into existing networks, leverage shared expertise, and co-create initiatives that have a greater collective impact.

Measurement and evaluation are critical in nonprofit marketing and branding. Nonprofits should establish key performance indicators (KPIs) to track the effectiveness of their marketing efforts, such as website traffic, social media engagement, donation conversion rates, and campaign outcomes. By regularly monitoring and analyzing data, nonprofits can identify areas for improvement, optimize their strategies, and demonstrate their impact to stakeholders.

In conclusion, nonprofit marketing and branding play a crucial role in raising awareness, attracting donors, and advocating for social causes. By establishing a strong brand presence, leveraging storytelling techniques, utilizing digital platforms, engaging donors, fostering collaborations, and measuring their impact, nonprofits can amplify their message and make a lasting difference in the communities they serve. Effective marketing and branding empower nonprofits to create meaningful connections, inspire action, and drive positive change.',
        '2023-02-10',126);

INSERT INTO Content (ContentID, OrganizationID, Title, Description, Body, CreationDate, UserID)
VALUES (226,7,'Collaboration and Partnership Building',
        'This article explores the significance of collaboration and partnership building in various contexts, including business, nonprofit organizations, and community development. It delves into the benefits, strategies, and considerations involved in fostering effective collaborations and building strong partnerships. Discover how collaboration can drive innovation, enhance problem-solving, and create a collective impact that goes beyond individual capabilities.',
        'Collaboration and partnership building have become increasingly important in today''s interconnected and complex world. Whether in the business sector, nonprofit organizations, or community development, effective collaboration can lead to remarkable outcomes and create a collective impact that surpasses individual efforts. This article examines the significance of collaboration and partnership building, exploring the benefits, strategies, and considerations involved.

Collaboration brings together individuals, organizations, or communities to work towards a common goal, leveraging diverse skills, perspectives, and resources. By pooling together knowledge and expertise, collaboration can drive innovation, spark creativity, and lead to breakthrough solutions. It allows for the exchange of ideas, fosters mutual learning, and encourages cross-pollination of insights from different fields or sectors.

One of the key benefits of collaboration is the ability to tackle complex challenges that require diverse perspectives and collective efforts. By bringing together stakeholders with different backgrounds, experiences, and expertise, collaboration enhances problem-solving and generates comprehensive and holistic solutions. It allows for a more comprehensive understanding of the challenges at hand and enables the development of innovative approaches to address them.

Collaboration also brings efficiency and resource optimization. By sharing resources, costs, and expertise, collaborators can achieve more significant outcomes with limited individual efforts. Collaborative efforts can result in shared infrastructure, shared research and development, or shared services that reduce duplication and increase efficiency. Additionally, collaboration enables the leveraging of complementary strengths, filling gaps in knowledge or capacity, and achieving synergistic outcomes that would be difficult to accomplish alone.

Building strong partnerships is a fundamental aspect of effective collaboration. Partnerships involve establishing mutually beneficial relationships based on trust, shared values, and a common vision. They require open communication, active listening, and a willingness to understand and accommodate different perspectives. Strong partnerships are built on transparency, fairness, and a commitment to collaboration that goes beyond short-term goals.

When engaging in collaboration and partnership building, several considerations are crucial. Clear and shared objectives are essential to align efforts and ensure all collaborators are working towards a common purpose. Effective communication and regular engagement help maintain transparency, resolve conflicts, and foster a sense of ownership and commitment among collaborators. Establishing a framework for decision-making and accountability is also important to ensure fairness, avoid power imbalances, and track progress towards shared goals.

In today''s interconnected world, technology and digital platforms play a significant role in enabling collaboration. Virtual collaboration tools, project management software, and online platforms facilitate communication, data sharing, and coordination among collaborators who may be geographically dispersed. These tools enhance accessibility, streamline workflows, and allow for continuous collaboration even in remote or distributed environments.

In conclusion, collaboration and partnership building have transformative potential in various contexts. By leveraging diverse skills, knowledge, and resources, collaboration can drive innovation, enhance problem-solving, and create a collective impact that goes beyond individual capabilities. Strong partnerships, based on trust, shared values, and effective communication, are the foundation of successful collaborations. By embracing collaboration and fostering partnerships, individuals, organizations, and communities can achieve more significant and sustainable outcomes, advancing towards shared goals and addressing complex challenges in a collaborative and inclusive manner.',
        '2023-03-15',126);

INSERT INTO Content (ContentID, OrganizationID, Title, Description, Body, CreationDate, UserID)
VALUES (227,7,'Fundraising Strategies for Nonprofits',
        'This article explores various fundraising strategies for nonprofits, focusing on the methods and approaches used to generate financial support for their mission and programs. It highlights the importance of effective fundraising in sustaining and expanding nonprofit operations, as well as the key considerations and best practices in developing successful fundraising campaigns. Discover a range of fundraising strategies, from traditional approaches to innovative digital methods, and learn how nonprofits can engage donors, build relationships, and maximize their fundraising potential.',
        'Fundraising is a vital component of nonprofit organizations, as it provides the necessary financial support to sustain their operations, implement programs, and make a positive impact in their communities. This article delves into the topic of fundraising strategies for nonprofits, exploring the different approaches and techniques used to raise funds effectively.

Individual Giving: Individual giving is a cornerstone of nonprofit fundraising. This strategy involves appealing to individuals for financial contributions. Nonprofits can engage potential donors through personalized appeals, storytelling, and building relationships. Tactics such as direct mail campaigns, donor cultivation events, and online fundraising platforms can help nonprofits reach and connect with individual donors.

Corporate Partnerships: Collaborating with businesses through corporate partnerships can offer substantial fundraising opportunities. Nonprofits can seek corporate sponsorships, cause-related marketing initiatives, or employee giving programs. Building mutually beneficial relationships with corporations can provide financial support, access to resources, and increased visibility.

Grant Funding: Nonprofits can pursue grant funding from foundations, government agencies, and other grant-making organizations. This strategy involves researching and identifying grants that align with the organization''s mission and programs, and preparing compelling grant proposals. Grant funding can provide significant financial support for specific projects or general operations.

Events and Campaigns: Hosting fundraising events and campaigns can be an effective way to engage supporters and generate funds. Events can range from galas and auctions to charity runs and crowdfunding campaigns. Nonprofits can leverage the power of social media, peer-to-peer fundraising, and event sponsorships to maximize their reach and impact.

Major Gifts: Securing major gifts from high-net-worth individuals or major donors can have a transformative effect on nonprofit fundraising. Building relationships with potential major donors, developing personalized cultivation strategies, and stewarding these donors can result in substantial financial contributions.

Online and Digital Fundraising: With the rise of digital platforms, nonprofits can explore various online fundraising methods. These include crowdfunding campaigns, peer-to-peer fundraising, donation platforms, and social media fundraising. Leveraging digital tools can help nonprofits reach a wider audience, engage donors effectively, and simplify the donation process.

Planned Giving: Encouraging planned giving enables individuals to include nonprofits in their estate planning. Nonprofits can educate supporters about legacy giving options, such as bequests, charitable gift annuities, and donor-advised funds. Building relationships with potential planned giving donors and providing them with the necessary information can help secure long-term financial support.

When developing fundraising strategies, nonprofits should consider several best practices. These include creating compelling narratives that convey the organization''s mission and impact, setting realistic fundraising goals, leveraging data and analytics to inform decision-making, and maintaining strong stewardship and donor recognition practices. Additionally, embracing transparency and accountability, providing regular updates on the use of funds, and expressing gratitude to donors are essential for fostering long-term donor relationships.

In conclusion, fundraising is a critical aspect of nonprofit operations, and employing effective strategies is essential for financial sustainability and growth. By utilizing a combination of individual giving, corporate partnerships, grant funding, events and campaigns, major gifts, online and digital fundraising, and planned giving, nonprofits can diversify their funding sources and engage supporters. By implementing best practices and nurturing donor relationships, nonprofits can maximize their fundraising potential and continue making a positive impact in their communities.',
        '2023-04-09',126);
INSERT INTO Content (ContentID, OrganizationID, Title, Description, Body, CreationDate, UserID)
VALUES (228,7,'Nonprofit Financial Management Examining',
        'This article delves into the topic of nonprofit financial management, exploring the unique considerations and best practices involved in effectively managing the financial resources of nonprofit organizations. It highlights the importance of sound financial management in ensuring the sustainability, transparency, and accountability of nonprofits. Discover key aspects of nonprofit financial management, including budgeting, financial reporting, internal controls, and compliance with legal and regulatory requirements.',
        'Nonprofit organizations operate with the mission to make a positive impact in their communities. To fulfill their missions effectively, nonprofits must engage in sound financial management practices. This article examines the topic of nonprofit financial management, delving into the key aspects and considerations involved.

Budgeting: Budgeting is a crucial component of nonprofit financial management. Nonprofits should develop annual budgets that align with their strategic goals and reflect realistic revenue and expense projections. Effective budgeting involves careful planning, involving key stakeholders, and allocating resources strategically to support the organization''s programs and operations.

Financial Reporting: Nonprofits are accountable to their stakeholders, including donors, board members, and regulatory bodies. Accurate and timely financial reporting is essential for transparency and accountability. Nonprofits should prepare financial statements, including balance sheets, income statements, and cash flow statements, and make them available to stakeholders. These reports provide an overview of the organization''s financial health, including its revenue, expenses, assets, and liabilities.

Internal Controls: Establishing strong internal controls is critical for nonprofit financial management. Internal controls help safeguard assets, prevent fraud, and ensure the accuracy and integrity of financial transactions. Nonprofits should implement procedures for cash management, bookkeeping, procurement, and financial record-keeping. Regular internal audits can help identify areas of risk and ensure compliance with internal policies and procedures.

Compliance with Legal and Regulatory Requirements: Nonprofits must adhere to various legal and regulatory requirements, including tax laws, reporting obligations, and governance standards. Nonprofits should stay informed about the laws and regulations that apply to their operations, including tax-exempt status requirements, filing annual reports with regulatory agencies, and complying with applicable accounting standards. Maintaining compliance helps nonprofits maintain their legal standing and credibility.

Fundraising and Revenue Generation: Nonprofit financial management includes developing strategies for fundraising and revenue generation. Nonprofits should diversify their funding sources and explore various fundraising methods, such as individual giving, corporate partnerships, grant funding, and events. They should also consider strategies to generate earned income through fee-for-service programs, social enterprises, or product sales, if applicable.

Financial Sustainability: Nonprofit financial management should prioritize long-term financial sustainability. Nonprofits should assess their financial health regularly, considering factors such as cash flow, reserves, and sustainability ratios. Developing strategies to build reserves, secure multi-year funding, and engage in financial planning can help ensure the organization''s sustainability and ability to weather financial challenges.

Board Governance and Oversight: Nonprofit boards play a crucial role in financial management. Board members should possess financial expertise or seek external financial advice when needed. They should provide oversight and ensure that the organization maintains strong financial management practices. Boards should review financial reports, monitor budget performance, and actively engage in financial decision-making.

In conclusion, nonprofit financial management is essential for the sustainability, transparency, and accountability of nonprofit organizations. By implementing effective practices in budgeting, financial reporting, internal controls, compliance, fundraising, financial sustainability, and board governance, nonprofits can optimize their financial resources and ensure their ability to fulfill their missions. Sound financial management allows nonprofits to operate efficiently, maintain stakeholder trust, and make a lasting impact in their communities.',
        '2023-04-18',127);
INSERT INTO Content (ContentID, OrganizationID, Title, Description, Body, CreationDate, UserID)
VALUES (229,8,'Sustainable Practices in the Hospitality',
        'This article explores sustainable practices in the hospitality industry, focusing on the importance of environmental and social responsibility in hotel and tourism operations. It highlights the growing awareness and demand for sustainable practices among travelers and the benefits of adopting sustainable initiatives for hotels and other hospitality businesses. Discover a range of sustainable practices, from energy efficiency and waste management to community engagement and responsible sourcing, and learn how the hospitality industry can contribute to a more sustainable future.',
        'The hospitality industry plays a significant role in shaping the travel and tourism sector and has the potential to make a positive impact on the environment and local communities. This article delves into the topic of sustainable practices in the hospitality industry, exploring the various initiatives and considerations that contribute to environmental and social responsibility.

Energy Efficiency: Implementing energy-efficient practices is essential for reducing the carbon footprint of hotels and other hospitality establishments. This includes measures such as using energy-saving light bulbs, installing motion sensors to control lighting and air conditioning, optimizing HVAC systems, and encouraging guests to conserve energy through signage and education.

Water Conservation: Conserving water resources is crucial in regions facing water scarcity or where hotels rely on local water supplies. Hotels can adopt water-saving technologies such as low-flow showerheads and faucets, dual-flush toilets, and rainwater harvesting systems. Implementing linen and towel reuse programs also helps minimize water usage.

Waste Management: Managing waste effectively is a key aspect of sustainable hospitality practices. Hotels can implement recycling programs, separate organic waste for composting, and minimize single-use plastics through the use of eco-friendly alternatives. Education and awareness campaigns for guests and staff can promote responsible waste management practices.

Sustainable Food and Beverage: Emphasizing sustainable food and beverage practices involves sourcing local and organic produce, reducing food waste, and supporting fair trade and ethical suppliers. Hotels can implement farm-to-table initiatives, offer vegetarian and vegan options, and educate guests about the environmental and social benefits of sustainable food choices.

Green Building Design and Operations: Incorporating green building design principles in hotel construction and renovation can reduce energy consumption and environmental impact. This includes using sustainable materials, optimizing natural lighting and ventilation, and implementing energy-efficient systems. Certifications such as LEED (Leadership in Energy and Environmental Design) recognize and promote sustainable building practices.

Community Engagement: Engaging with local communities is an integral part of sustainable hospitality practices. Hotels can support local businesses, hire locally, and collaborate with community organizations on projects that benefit the local economy and residents. Engaging guests in community-based tourism activities can provide authentic experiences and contribute to local development.

Stakeholder Collaboration: Collaboration among hospitality businesses, industry associations, and government bodies is essential for promoting sustainable practices. Sharing best practices, collaborating on sustainability initiatives, and advocating for sustainable tourism policies can drive positive change and ensure a collective effort towards a more sustainable industry.

Adopting sustainable practices in the hospitality industry benefits not only the environment but also the businesses themselves. Travelers are increasingly seeking eco-friendly and socially responsible accommodation options, and sustainable practices can enhance a hotel''s reputation, attract more guests, and foster guest loyalty. Moreover, sustainable practices often lead to cost savings through reduced energy and water consumption, waste reduction, and operational efficiencies.

In conclusion, sustainable practices in the hospitality industry are crucial for minimizing environmental impact, supporting local communities, and meeting the evolving expectations of eco-conscious travelers. By implementing initiatives related to energy efficiency, water conservation, waste management, sustainable food and beverage, green building design, community engagement, and stakeholder collaboration, hotels and other hospitality businesses can contribute to a more sustainable future. Embracing sustainability not only benefits the environment but also enhances business reputation, guest satisfaction, and long-term profitability in the dynamic and competitive hospitality industry.',
        '2022-11-05',131);

INSERT INTO Content (ContentID, OrganizationID, Title, Description, Body, CreationDate, UserID)
VALUES (230,8,'Food and Beverage Management in Hospitality',
        'This article explores the topic of food and beverage management in the hospitality industry, focusing on the critical role of effective management in delivering exceptional dining experiences. It delves into various aspects of food and beverage management, including menu planning, kitchen operations, staff training, customer service, and revenue management. Discover how successful food and beverage management can contribute to guest satisfaction, enhance the reputation of hospitality establishments, and drive financial performance.',
        'Food and beverage services play a central role in the overall guest experience in the hospitality industry. Effective food and beverage management is essential for delivering exceptional dining experiences, satisfying guest expectations, and driving financial success. This article explores various aspects of food and beverage management in the hospitality industry.

Menu Planning: Menu planning is a critical component of food and beverage management. It involves designing menus that cater to guest preferences, dietary restrictions, and cultural considerations. Successful menu planning involves balancing a variety of factors, including food costs, seasonality, culinary trends, and the overall concept and positioning of the establishment.

Kitchen Operations: Efficient kitchen operations are vital for delivering high-quality food and maintaining guest satisfaction. Effective food and beverage management involves optimizing workflow, ensuring proper kitchen organization, and implementing standard operating procedures to maintain consistency and quality. Managing inventory, controlling food waste, and maintaining hygiene and food safety standards are also essential aspects of kitchen operations.

Staff Training and Development: Well-trained and knowledgeable staff are crucial for providing excellent service and creating memorable dining experiences. Food and beverage management includes investing in staff training programs to enhance technical skills, product knowledge, and customer service abilities. Ongoing training and development initiatives help staff stay updated with industry trends and deliver personalized and attentive service to guests.

Customer Service: Exceptional customer service is at the core of food and beverage management. Hospitality establishments should prioritize creating a welcoming and attentive environment for guests. This involves training staff to anticipate guest needs, handle complaints effectively, and provide personalized recommendations and assistance. Ensuring prompt and friendly service, maintaining cleanliness, and paying attention to small details contribute to a positive dining experience.

Revenue Management: Effective revenue management is crucial for optimizing financial performance in food and beverage operations. This includes pricing strategies, menu engineering, and analyzing sales data to identify profitable items and optimize profitability. Implementing cross-selling and upselling techniques, utilizing reservation systems, and managing seating arrangements to maximize capacity are also important revenue management considerations.

Quality Control and Feedback: Maintaining consistent food quality and guest satisfaction requires robust quality control measures. Regular inspections, feedback collection, and monitoring customer reviews and ratings help identify areas for improvement. Implementing guest feedback mechanisms and addressing concerns promptly demonstrate a commitment to continuous improvement and guest satisfaction.

Adaptation to Trends: Food and beverage management should stay attuned to evolving culinary trends and guest preferences. This includes incorporating locally sourced ingredients, offering vegetarian and vegan options, and embracing sustainable and healthy dining choices. Adapting to changing consumer demands and market trends helps hospitality establishments remain competitive and attract a diverse range of guests.

Successful food and beverage management is critical for enhancing guest satisfaction, building a positive reputation, and driving financial performance in the hospitality industry. By prioritizing menu planning, efficient kitchen operations, staff training, customer service, revenue management, quality control, and adaptation to trends, hospitality establishments can create memorable dining experiences that leave a lasting impression on guests and contribute to their overall success.',
        '2023-02-18',131);

INSERT INTO Content (ContentID, OrganizationID, Title, Description, Body, CreationDate, UserID)
VALUES (231,8,'Hotel Design and Renovation',
        'This article explores the topic of hotel design and renovation, highlighting the importance of thoughtful and innovative design in the hospitality industry. It delves into the key considerations and trends in hotel design, including guest experience, sustainability, technology integration, and adaptability. Discover how hotel design and renovation can enhance guest satisfaction, differentiate the property in a competitive market, and create memorable experiences for travelers.'
        ,'Hotel design and renovation play a crucial role in creating memorable guest experiences and ensuring the success of a hospitality property. This article delves into the topic of hotel design and renovation, exploring the key considerations and trends in creating functional, appealing, and innovative spaces.

Guest Experience: Hotel design should prioritize guest comfort, convenience, and satisfaction. The layout of guest rooms and public spaces should be intuitive and efficient, providing ease of movement and accessibility. Attention to details such as lighting, acoustics, and furniture design can greatly impact the overall guest experience. Creating welcoming and visually appealing spaces can leave a lasting impression on guests.

Sustainability: With increasing awareness of environmental issues, sustainable design practices have gained prominence in the hospitality industry. Hotels can incorporate energy-efficient technologies, renewable materials, and waste reduction strategies in their design and renovation projects. Implementing eco-friendly initiatives such as green roofs, solar panels, water-saving fixtures, and recycling programs can demonstrate a commitment to sustainability.

Technology Integration: Technology plays a vital role in enhancing guest experiences and operational efficiency in hotels. Incorporating the latest technologies in hotel design, such as smart room controls, mobile check-in and keyless entry systems, interactive in-room entertainment, and high-speed Wi-Fi, can meet the expectations of tech-savvy guests. Designing spaces to accommodate technology seamlessly and providing charging stations and connectivity options is essential.

Flexibility and Adaptability: Hotel design should consider the need for flexibility and adaptability over time. Spaces should be designed to accommodate different guest preferences, evolving industry trends, and changing operational requirements. Modular furniture, multifunctional spaces, and adaptable room layouts allow for easy reconfiguration and provide options to cater to diverse guest needs and preferences.

Aesthetics and Branding: Hotel design should align with the property''s branding and target market. Aesthetic choices, such as color schemes, materials, and furnishings, should reflect the desired atmosphere and style. Consistency in design elements across different areas of the hotel can create a cohesive and memorable experience that aligns with the brand identity.

Safety and Security: Design considerations for safety and security are crucial in hotel renovations and new constructions. This includes implementing fire safety measures, incorporating secure access control systems, ensuring proper lighting in common areas and parking lots, and incorporating appropriate emergency response plans. Guest safety should always be a top priority in hotel design.

Sustainable Renovation Practices: Renovation projects provide an opportunity to incorporate sustainable practices and technologies. Considerations should include the reuse of existing materials, recycling and responsible disposal of construction waste, and the selection of eco-friendly materials and finishes. Renovation projects can also address energy efficiency upgrades, plumbing system improvements, and the integration of smart technologies.

By focusing on guest experience, sustainability, technology integration, adaptability, branding, safety, and sustainable renovation practices, hotels can create spaces that meet the evolving needs and preferences of guests. Thoughtful and innovative hotel design can differentiate a property in a competitive market, attract guests, and foster loyalty. Whether it''s a new hotel construction or a renovation project, investing in well-designed spaces can enhance the overall guest experience and contribute to the success of a hospitality property.

In conclusion, hotel design and renovation play a significant role in shaping the guest experience and the success of a hospitality property. By considering factors such as guest experience, sustainability, technology integration, adaptability, branding, safety, and',
        '2023-01-15',131);

INSERT INTO  Content (ContentID, OrganizationID, Title, Description, Body, CreationDate, UserID)
VALUES (232,8,'Destination Marketing and Tourism',
        'This article explores the topic of destination marketing and tourism, focusing on the strategies and initiatives employed to promote and attract visitors to a specific destination. It delves into the key elements of destination marketing, including branding, digital marketing, stakeholder collaboration, experiential marketing, and sustainable tourism practices. Discover how effective destination marketing can drive tourism growth, boost the local economy, and enhance the overall visitor experience.',
        'Destination marketing plays a vital role in promoting tourism and attracting visitors to a specific location. Effective destination marketing strategies help create awareness, shape perceptions, and entice travelers to choose a particular destination for their travel experiences. This article explores various aspects of destination marketing and tourism.

Destination Branding: Destination branding involves creating a unique identity and positioning for a specific location. It encompasses developing a distinct brand personality, capturing the essence of the destination, and communicating its unique selling points. Successful destination branding creates an emotional connection with target audiences and differentiates the destination from its competitors.

Digital Marketing: In today''s digital age, digital marketing is a key component of destination marketing. Utilizing online platforms, social media channels, search engine optimization (SEO), and targeted advertising campaigns can effectively reach and engage potential visitors. Digital marketing allows for personalized messaging, interactive content, and real-time communication, enhancing the overall marketing efforts.

Stakeholder Collaboration: Collaboration among various stakeholders, including tourism boards, local businesses, hospitality establishments, and community organizations, is crucial for successful destination marketing. Engaging and involving these stakeholders in marketing efforts creates a unified and cohesive approach, ensures a broader range of experiences and offerings, and fosters community support.

Experiential Marketing: Destination marketing goes beyond promoting attractions and amenities; it aims to create immersive and memorable experiences for visitors. Experiential marketing techniques, such as organizing events, festivals, and cultural activities, can enhance visitor engagement and encourage longer stays. Providing unique and authentic experiences contributes to positive word-of-mouth and repeat visits.

Sustainable Tourism Practices: Sustainable tourism practices have gained significant importance in destination marketing. Promoting sustainable tourism ensures the preservation of natural and cultural resources, minimizes negative environmental impacts, and benefits local communities. Emphasizing responsible tourism practices, promoting eco-friendly accommodations and activities, and supporting local businesses contribute to the long-term sustainability of the destination.

Collaboration with Travel Trade: Collaboration with travel trade partners, including tour operators, travel agents, and online travel agencies, is essential for destination marketing. Building strong relationships with travel trade partners helps in promoting the destination through various distribution channels and reaching a broader audience. Familiarization trips, joint marketing campaigns, and incentives can encourage travel trade partners to actively promote the destination.

Visitor Experience Management: Ensuring a positive visitor experience is crucial for destination marketing success. This involves providing high-quality infrastructure, amenities, and services that meet or exceed visitor expectations. Enhancing visitor safety and security, offering accessible transportation options, and providing information and assistance throughout the visitor journey contribute to overall satisfaction.

Effective destination marketing and tourism promotion not only drive economic growth but also contribute to community development and cultural preservation. By focusing on destination branding, leveraging digital marketing, fostering stakeholder collaboration, implementing experiential marketing strategies, promoting sustainable practices, collaborating with travel trade partners, and managing visitor experiences, destinations can attract a diverse range of visitors and establish a positive reputation in the global tourism market.

In conclusion, destination marketing and tourism play a crucial role in promoting and attracting visitors to specific locations. By implementing effective marketing strategies, destinations can differentiate themselves, engage target audiences, and create unique and memorable experiences. Embracing sustainable practices, collaborating with stakeholders, and prioritizing visitor satisfaction contribute to the long-term success and sustainability of destinations in the highly competitive tourism industry.',
        '2023-03-11',131);

INSERT INTO Content (ContentID, OrganizationID, Title, Description, Body, CreationDate, UserID)
VALUES (233,9,'Risk Management in Financial Institutions',
        'This article explores the topic of risk management in financial institutions, focusing on the strategies and practices employed to identify, assess, and mitigate various types of risks inherent in the financial industry. It delves into the key elements of risk management, including risk identification, risk assessment, risk mitigation, regulatory compliance, and the role of technology in managing risks. Discover how effective risk management practices contribute to the stability, resilience, and long-term success of financial institutions.',
        'Risk management is a critical function in the financial industry, aimed at identifying, assessing, and mitigating risks that financial institutions face in their operations. This article explores various aspects of risk management in financial institutions and highlights the importance of robust risk management practices.

Risk Identification: The first step in risk management is to identify and categorize the risks faced by financial institutions. These risks can include credit risk, market risk, liquidity risk, operational risk, legal and regulatory risk, and reputational risk. Risk identification involves conducting comprehensive risk assessments, scenario analysis, and stress testing to understand the potential vulnerabilities and exposures of the institution.

Risk Assessment: Once risks are identified, financial institutions need to assess the potential impact and likelihood of occurrence. This involves evaluating the potential financial losses, business disruptions, and reputational damage that could arise from different risk scenarios. Risk assessment methodologies, such as quantitative models, statistical analysis, and expert judgment, help quantify risks and prioritize risk mitigation efforts.

Risk Mitigation: Risk mitigation strategies aim to minimize the impact of identified risks on the financial institution. This involves implementing control measures, risk transfer mechanisms such as insurance, diversifying portfolios, setting risk limits, and establishing internal policies and procedures. Effective risk mitigation requires a combination of preventive measures, early warning systems, and responsive actions to manage and reduce risk exposure.

Regulatory Compliance: Financial institutions operate in a highly regulated environment and are required to comply with various laws, regulations, and industry standards. Risk management practices should align with regulatory requirements and guidelines set by governing bodies. Compliance with regulations helps ensure the stability and soundness of the financial system and builds trust among stakeholders.

Role of Technology: Technology plays a vital role in modern risk management practices. Financial institutions employ advanced risk management systems, data analytics, and artificial intelligence to enhance risk assessment capabilities, monitor real-time risk exposures, and automate compliance processes. Technology enables the integration of risk data from various sources, improves risk reporting, and facilitates timely decision-making.

Stress Testing and Scenario Analysis: Stress testing and scenario analysis are essential tools in risk management. Financial institutions conduct stress tests to evaluate the resilience of their portfolios and assess the potential impact of adverse market conditions or macroeconomic events. Scenario analysis helps identify vulnerabilities and develop contingency plans to address potential risks and uncertainties.

Risk Culture and Governance: Building a strong risk culture and effective governance framework is crucial for successful risk management in financial institutions. This involves fostering a risk-aware culture, establishing clear roles and responsibilities, promoting ethical behavior, and ensuring accountability at all levels of the organization. Regular training and communication on risk management policies and procedures help create a risk-conscious environment.

Effective risk management practices contribute to the stability, resilience, and long-term success of financial institutions. By prioritizing risk identification, risk assessment, risk mitigation, regulatory compliance, leveraging technology, conducting stress testing, and fostering a strong risk culture, financial institutions can proactively manage risks, protect the interests of stakeholders, and navigate uncertainties in the dynamic financial landscape.

In conclusion, risk management is a crucial function in financial institutions, aimed at identifying, assessing, and mitigating various risks. By implementing robust risk management practices, financial institutions can enhance their ability to withstand adverse events, protect their financial health, and maintain trust and confidence in the market.',
        '2023-03-17',135);

INSERT INTO Content (ContentID, OrganizationID, Title, Description, Body, CreationDate, UserID)
VALUES (234,9,'Digital Transformation in Banking Examining',
        'This article examines the topic of digital transformation in banking, focusing on the changes and innovations brought about by the adoption of digital technologies in the banking industry. It explores the key drivers of digital transformation, the benefits and challenges faced by banks, and the impact of digitalization on customer experience, operations, and business models. Discover how digital transformation is reshaping the banking landscape and revolutionizing the way financial services are delivered.',
        'Digital transformation has become a key strategic priority for banks worldwide, driven by technological advancements and changing customer expectations. This article delves into the topic of digital transformation in banking, highlighting its impact on various aspects of the industry.

Key Drivers of Digital Transformation: Several factors are driving digital transformation in banking. These include the rising demand for convenient and personalized banking services, the emergence of fintech startups disrupting traditional banking models, regulatory changes promoting open banking and data sharing, and advancements in technologies such as artificial intelligence, data analytics, cloud computing, and blockchain.

Benefits of Digital Transformation: Digital transformation offers numerous benefits to banks. It enables enhanced customer experiences through seamless omnichannel banking, self-service options, personalized recommendations, and 24/7 availability. It improves operational efficiency by automating processes, streamlining workflows, reducing manual errors, and enabling real-time data analytics for better decision-making. Digitalization also facilitates cost savings, faster time-to-market for new products and services, and the ability to innovate and stay competitive in the rapidly evolving financial landscape.

Challenges and Risks: While digital transformation presents significant opportunities, it also poses challenges and risks for banks. These include managing cybersecurity threats and data privacy concerns, ensuring regulatory compliance in an increasingly complex environment, legacy system integration, organizational change management, and upskilling employees to adapt to digital technologies. Banks must navigate these challenges while maintaining trust, security, and resilience in their operations.

Customer Experience Transformation: Digital transformation revolutionizes the way banks interact with customers. It enables personalized banking experiences, with tailored product recommendations, proactive financial advice, and intuitive user interfaces. Digital channels provide convenience and accessibility, allowing customers to perform transactions, access account information, and seek support anytime, anywhere. Furthermore, the use of chatbots, virtual assistants, and voice-enabled technologies enhances customer engagement and service delivery.

Operational Transformation: Digitalization drives operational efficiency in banks. Automation of routine tasks and processes reduces manual effort and improves accuracy. Advanced data analytics and artificial intelligence enable real-time insights, fraud detection, risk assessment, and regulatory compliance. Cloud computing allows for scalable and flexible infrastructure, facilitating faster deployment of new services and reducing IT infrastructure costs.

Business Model Evolution: Digital transformation is reshaping traditional banking business models. Banks are embracing open banking and collaborating with fintechs and third-party providers to offer innovative products and services. They are exploring new revenue streams beyond traditional banking, such as data monetization, partnerships with non-financial players, and platform-based business models. Additionally, digital transformation allows banks to tap into emerging trends like mobile payments, peer-to-peer lending, and robo-advisory services.

Future Outlook: The digital transformation journey in banking is ongoing and evolving. Emerging technologies like artificial intelligence, machine learning, biometrics, and Internet of Things (IoT) hold further potential for innovation and disruption. Banks need to continually adapt and embrace emerging trends to stay relevant and meet evolving customer expectations.

In conclusion, digital transformation is revolutionizing the banking industry, offering numerous benefits and challenges. By embracing digital technologies, banks can enhance customer experiences, drive operational efficiency, transform their business models, and remain competitive in a rapidly changing landscape. Successful digital transformation requires strategic vision, strong leadership, effective change management, and a customer-centric approach. As banks navigate the complexities of digitalization, they can unlock new opportunities and',
        '2023-04-05',135);

INSERT INTO Content (ContentID, OrganizationID, Title, Description, Body, CreationDate, UserID)
VALUES (235,9,'Regulatory Compliance in Financial Services',
        'This article explores the topic of regulatory compliance in financial services, focusing on the importance of adhering to regulatory requirements and the challenges faced by financial institutions in maintaining compliance. It discusses the key regulations governing the industry, the role of regulatory bodies, and the implications of non-compliance. Discover how financial institutions strive to meet regulatory obligations and ensure transparency, integrity, and trust in the financial services sector.',
        'Regulatory compliance is of paramount importance in the financial services sector, as it ensures the stability, transparency, and integrity of the industry. This article examines the topic of regulatory compliance in financial services and highlights its significance.

Importance of Regulatory Compliance: Regulatory compliance is crucial for financial institutions to maintain public trust and confidence in the financial system. It helps protect customers, investors, and stakeholders by ensuring fair practices, preventing fraud and money laundering, and safeguarding sensitive information. Compliance also promotes market integrity, supports financial stability, and reduces systemic risks.

Key Regulations in Financial Services: Financial institutions operate in a highly regulated environment, governed by various regulations and laws. These include but are not limited to:

a. Anti-Money Laundering (AML) and Combating the Financing of Terrorism (CFT) regulations: These regulations aim to prevent illicit activities, such as money laundering and terrorist financing, by implementing robust customer due diligence measures, transaction monitoring, and reporting suspicious activities.

b. Know Your Customer (KYC) and Customer Due Diligence (CDD): These regulations require financial institutions to verify the identity of their customers, assess their risk profile, and maintain up-to-date customer information.

c. Consumer Protection Regulations: These regulations protect consumers by ensuring fair lending practices, transparent disclosure of terms and fees, and effective resolution mechanisms for disputes.

d. Data Protection and Privacy Regulations: With the increasing reliance on technology and data, regulations such as the General Data Protection Regulation (GDPR) and the California Consumer Privacy Act (CCPA) govern the collection, use, and protection of personal data.

e. Securities and Exchange Commission (SEC) Regulations: These regulations govern the offering, trading, and reporting of securities, ensuring market transparency and investor protection.

Role of Regulatory Bodies: Regulatory bodies, such as central banks, financial supervisory authorities, and regulatory agencies, are responsible for overseeing compliance in the financial services sector. They establish and enforce regulations, conduct inspections and audits, issue licenses and permits, and take enforcement actions against non-compliant institutions. Regulatory bodies play a crucial role in maintaining the integrity and stability of the financial system.

Challenges in Regulatory Compliance: Financial institutions face several challenges in achieving and maintaining regulatory compliance. These challenges include keeping up with evolving regulations, managing complex and fragmented compliance requirements across jurisdictions, implementing robust compliance systems and processes, and ensuring the availability of skilled compliance professionals. Additionally, compliance costs and the potential reputational damage from non-compliance pose significant challenges.

Implications of Non-Compliance: Non-compliance with regulatory requirements can have severe consequences for financial institutions. These may include financial penalties, legal liabilities, reputational damage, loss of customer trust, restrictions on business activities, and even criminal charges for individuals involved in non-compliant practices. The impact of non-compliance can be detrimental to the long-term viability and success of financial institutions.

Compliance Frameworks and Technologies: To manage regulatory compliance effectively, financial institutions adopt compliance frameworks and leverage technology solutions. Compliance frameworks provide a structured approach to identify, assess, monitor, and report on compliance risks and obligations. Technology solutions, such as regulatory reporting tools, automated compliance monitoring systems, and artificial intelligence-driven compliance analytics, help streamline compliance processes, improve efficiency, and enhance risk management capabilities.

In conclusion, regulatory compliance is essential in the financial services sector to maintain transparency,',
        '2023-04-05',135);

INSERT INTO Content (ContentID, OrganizationID, Title, Description, Body, CreationDate, UserID)
VALUES (236,9,'Financial Planning and Wealth Management',
        'This article explores the topic of financial planning and wealth management, focusing on the importance of comprehensive financial planning and the role of wealth management professionals in helping individuals and families achieve their financial goals. It discusses the key components of financial planning, the benefits of wealth management, and strategies for effective wealth accumulation, investment, and protection. Discover how financial planning and wealth management can contribute to long-term financial success and security.',
        'Financial planning and wealth management are critical aspects of achieving financial security and building long-term wealth. This article delves into the topic, highlighting the key components of financial planning and the benefits of wealth management.

Importance of Financial Planning:
Financial planning involves creating a roadmap to achieve financial goals and navigate life''s financial challenges. It encompasses various components, including setting financial goals, budgeting, saving, investing, managing debt, risk management, tax planning, and estate planning. Financial planning provides individuals and families with a structured approach to managing their finances and making informed decisions about money.

Components of Financial Planning:
a. Goal Setting: Financial planning begins with defining short-term and long-term financial goals, such as saving for retirement, buying a home, funding education, or starting a business. Clear goals serve as a foundation for creating a personalized financial plan.

b. Budgeting and Cash Flow Management: Establishing a budget helps individuals track income, expenses, and savings. By managing cash flow effectively, individuals can allocate resources to meet their financial goals and avoid unnecessary debt.

c. Savings and Emergency Fund: Saving a portion of income is crucial for building wealth and providing a safety net during emergencies. Creating an emergency fund helps individuals cover unexpected expenses without relying on credit or jeopardizing long-term financial goals.

d. Investment Planning: Developing an investment strategy aligned with risk tolerance and financial goals is essential. Diversifying investments across different asset classes, such as stocks, bonds, and real estate, helps manage risk and maximize returns.

e. Retirement Planning: Planning for retirement involves estimating future income needs, evaluating pension plans, employer-sponsored retirement accounts, and individual retirement accounts (IRAs). Retirement planning aims to ensure financial independence during the post-work years.

f. Risk Management: Protecting against unexpected events such as illness, disability, or premature death is crucial. Insurance products, including life insurance, health insurance, and disability insurance, provide financial security for individuals and their families.

g. Tax Planning: Minimizing tax liabilities and maximizing tax efficiency is an important aspect of financial planning. Strategies such as tax-efficient investments, retirement account contributions, and charitable giving can help optimize tax outcomes.

h. Estate Planning: Estate planning involves structuring assets, creating wills, establishing trusts, and designating beneficiaries. It ensures the orderly transfer of wealth and minimizes potential disputes or tax implications upon death.

Benefits of Wealth Management:
Wealth management encompasses a holistic approach to managing and growing wealth. Wealth management professionals, such as financial advisors and wealth managers, provide personalized advice and expertise to help individuals and families navigate complex financial landscapes. Benefits of wealth management include:
a. Comprehensive Financial Guidance: Wealth managers offer tailored strategies and solutions based on individual goals, risk tolerance, and time horizons. They provide expertise in various areas, including investment management, tax planning, estate planning, and risk management.

b. Portfolio Diversification and Asset Allocation: Wealth managers help diversify investment portfolios across different asset classes and geographic regions to manage risk and optimize returns. They ensure portfolios align with clients'' risk tolerance and investment objectives.

c. Regular Monitoring and Rebalancing: Wealth managers regularly monitor investment portfolios, adjusting asset allocations based on market conditions and changing financial goals. They aim to keep portfolios on track and maximize long-term returns.

d. Access to Specialized Investment Opportunities: Wealth managers often have access to exclusive investment opportunities,',
        '2023-03-29',135);

INSERT INTO Content (ContentID, OrganizationID, Title, Description, Body, CreationDate, UserID)
VALUES (237,10,'Financial and Economic Consulting',
        'This article explores the topic of financial and economic consulting, focusing on the role of consultants in providing expert advice and analysis to businesses, organizations, and governments. It discusses the services offered by financial and economic consultants, their impact on decision-making and strategy, and the benefits of seeking professional consulting services. Discover how financial and economic consulting can help clients navigate complex financial and economic landscapes and make informed, data-driven decisions.',
        'Financial and economic consulting plays a crucial role in assisting businesses, organizations, and governments in navigating complex financial and economic landscapes. This article explores the topic, highlighting the services provided by financial and economic consultants and the benefits of seeking their expertise.

Services Offered by Financial and Economic Consultants:
a. Financial Analysis: Consultants conduct in-depth financial analysis to assess the financial health and performance of organizations. This includes evaluating financial statements, identifying financial strengths and weaknesses, and providing recommendations for improvement.
b. Economic Analysis: Economic consultants analyze macroeconomic trends, market conditions, and industry dynamics. They provide insights into economic factors that may impact businesses and help clients make informed decisions.

c. Risk Assessment: Consultants assess and mitigate various types of risks, including financial, operational, market, and regulatory risks. They help clients identify potential risks, develop risk management strategies, and ensure compliance with relevant regulations.

d. Financial Modeling and Forecasting: Consultants develop financial models and forecasts to help clients evaluate the potential outcomes of business decisions. These models incorporate various factors such as revenue projections, cost analysis, and market trends to support strategic planning and investment decisions.

e. Mergers and Acquisitions (M&A) Advisory: Consultants provide expertise in M&A transactions, including conducting due diligence, valuing assets, assessing synergies, and advising on deal structuring and negotiations.

f. Business Valuation: Consultants determine the value of businesses or assets using various valuation techniques. This information is crucial for mergers and acquisitions, financial reporting, investment decisions, and litigation support.

g. Regulatory Compliance and Governance: Consultants assist organizations in understanding and complying with complex regulatory frameworks. They help develop compliance strategies, conduct internal audits, and ensure adherence to legal and regulatory requirements.

h. Economic Development Consulting: Economic consultants advise governments and organizations on economic development strategies, policy formulation, investment promotion, and regional development initiatives.

Impact on Decision-Making and Strategy:
Financial and economic consulting has a significant impact on decision-making and strategic planning processes. Consultants provide objective and unbiased analysis, leveraging their expertise and industry knowledge. They help clients make informed decisions by presenting data-driven insights and recommending strategies based on thorough analysis and research.
Consultants bring a fresh perspective and external expertise to organizations, challenging existing assumptions and providing alternative viewpoints. Their analysis and recommendations enable clients to evaluate different scenarios, assess risks and opportunities, and make strategic choices aligned with their goals.

Benefits of Seeking Professional Consulting Services:
a. Expertise and Specialized Knowledge: Financial and economic consultants possess specialized knowledge and expertise in their respective fields. They bring a deep understanding of financial markets, economic trends, industry dynamics, and regulatory frameworks. This expertise allows clients to leverage their insights and make informed decisions.
b. Objective and Independent Analysis: Consultants provide an unbiased perspective on financial and economic matters. They analyze data objectively, free from internal biases and conflicts of interest. This objectivity helps clients gain a more accurate and comprehensive understanding of their financial situation and market dynamics.

c. Time and Cost Efficiency: Engaging consultants allows organizations to access specialized skills and knowledge without the need for long-term commitments. This saves time and resources, as consultants can quickly analyze data, provide recommendations, and assist in decision-making processes.

d. Strategic Planning and Risk Mitigation: Financial and economic consultants contribute to effective strategic planning by identifying risks, evaluating opportunities, and developing strategies to mitigate potential threats. Their expertise',
        '2023-05-02',139);

INSERT INTO Content (ContentID, OrganizationID, Title, Description, Body, CreationDate, UserID)
VALUES (238,10,'International Expansion and Global Market',
        'This article explores the topic of international expansion and global markets, focusing on the strategies and considerations involved in expanding businesses beyond domestic borders. It discusses the benefits and challenges of international expansion, the key factors to consider when entering global markets, and the importance of adapting to cultural, regulatory, and market differences. Discover how businesses can successfully navigate international expansion and tap into the opportunities offered by the global marketplace.',
        'International expansion and entering global markets offer businesses significant growth opportunities and access to a larger customer base. This article delves into the topic, highlighting the strategies and considerations involved in expanding beyond domestic borders.

Benefits of International Expansion:
a. Increased Market Potential: Expanding internationally allows businesses to tap into new markets and reach a larger customer base. It provides opportunities for revenue growth, diversification, and reduced reliance on a single market.
b. Access to Resources and Talent: International expansion enables businesses to access resources, talent, and expertise in different regions. It facilitates partnerships, collaborations, and knowledge exchange with international counterparts, fostering innovation and competitiveness.

c. Economies of Scale: Entering global markets can lead to economies of scale, allowing businesses to benefit from increased production volumes, cost efficiencies, and enhanced purchasing power. Economies of scale can result in lower production costs, improved profitability, and competitive pricing.

d. Learning and Adaptation: International expansion exposes businesses to diverse cultures, markets, and business practices. This experience enhances their ability to adapt, innovate, and stay competitive in a rapidly changing global landscape. It fosters cross-cultural understanding, promotes creativity, and facilitates the transfer of best practices.

Key Considerations for International Expansion:
a. Market Research and Analysis: Conducting thorough market research is crucial before entering international markets. Understanding the target market''s demographics, consumer preferences, purchasing power, competition, regulatory landscape, and cultural nuances helps businesses tailor their products, marketing strategies, and operations to the local market.
b. Regulatory and Legal Compliance: International expansion involves navigating different legal and regulatory frameworks. Businesses must ensure compliance with local laws, regulations, tax obligations, intellectual property protection, and trade agreements. Engaging local legal counsel and consultants can help businesses navigate the complexities of international regulations.

c. Cultural Awareness and Localization: Cultural differences play a significant role in international business. Adapting products, marketing messages, and business practices to local cultural norms and preferences is essential for success. Understanding language, customs, etiquette, and consumer behavior helps businesses establish strong relationships and build trust with local customers.

d. Supply Chain and Logistics: Establishing efficient supply chains and logistics networks is critical for international expansion. Businesses need to consider factors such as transportation, customs, warehousing, distribution channels, and trade barriers. Partnering with local suppliers, distributors, and logistics providers can streamline operations and ensure smooth market entry.

e. Financial Management and Currency Risk: International expansion involves managing currency risk and navigating foreign exchange fluctuations. Businesses must assess and mitigate currency risk through strategies such as hedging, currency diversification, and financial risk management tools. Additionally, establishing appropriate financial structures, funding sources, and cash management practices is crucial for international operations.

Market Entry Strategies:
a. Exporting: Exporting involves selling products or services directly to international markets from the home country. It can be done through direct sales, distribution agreements, or e-commerce platforms. Exporting allows businesses to test the waters and establish a presence in international markets before considering further expansion.
b. Licensing and Franchising: Licensing and franchising involve granting the rights to use intellectual property, brand, or business model to local partners in foreign markets. This strategy allows businesses to expand rapidly and leverage local partners'' knowledge and resources.

c. Joint Ventures and Strategic Partnerships: Joint ventures and strategic partnerships involve collaborating with local businesses to enter foreign markets.',
        '2023-04-15',139);

INSERT INTO Content (ContentID, OrganizationID, Title, Description, Body, CreationDate, UserID)
VALUES (239,10,'Change Management and Organizational Transformation',
        'This article explores the topic of change management and organizational transformation, focusing on the strategies and processes involved in successfully implementing change within an organization. It discusses the reasons why organizations undergo transformation, the challenges associated with change, and the key elements of effective change management. Discover how organizations can navigate change, engage employees, and drive successful transformation initiatives.',
        'Change management and organizational transformation are critical components of adapting to a dynamic business environment and driving long-term success. This article delves into the topic, highlighting the strategies and processes involved in implementing change within an organization.

Reasons for Organizational Transformation:
Organizations undergo transformation for various reasons, including:
a. Market Forces and Competition: Changes in the market landscape, emerging technologies, and evolving customer demands often necessitate organizational transformation. To remain competitive, organizations must adapt to market forces and proactively embrace change.

b. Growth and Expansion: As organizations grow and expand, they may need to restructure their operations, processes, and systems to support scalability and efficiency. Transformation initiatives enable organizations to accommodate growth while maintaining agility.

c. Mergers and Acquisitions: Mergers, acquisitions, or strategic partnerships often require integrating different organizational cultures, systems, and processes. Transformation efforts help align disparate entities, foster collaboration, and maximize synergies.

d. Technological Advancements: Implementation of new technologies, such as digitalization, automation, or artificial intelligence, may require organizational transformation. Adapting to technological advancements helps organizations stay relevant and leverage opportunities for innovation.

Challenges of Change Management:
Implementing change within an organization can be complex and challenging. Common challenges include:
a. Resistance to Change: Employees may resist change due to fear of the unknown, job insecurity, or concerns about increased workload. Overcoming resistance and gaining buy-in from stakeholders are critical for successful change management.

b. Cultural Alignment: Cultural differences, both at the organizational and individual level, can hinder the acceptance and adoption of change. Aligning the organizational culture with the desired change and fostering a supportive environment are essential.

c. Communication and Engagement: Inadequate communication and employee engagement can impede change efforts. Clear and transparent communication, involving employees in the change process, and addressing their concerns effectively are vital for successful change management.

d. Leadership and Change Capability: Effective leadership is crucial in driving and sustaining change. Leaders need to articulate a compelling vision, set clear goals, provide resources, and lead by example. Developing change management capabilities within the organization ensures successful implementation and long-term sustainability of change initiatives.

Key Elements of Effective Change Management:
a. Vision and Strategy: Clearly defining the vision for change and developing a well-defined strategy are fundamental. The vision provides a compelling purpose for change, while the strategy outlines the steps, resources, and timelines required to achieve the desired outcomes.
b. Stakeholder Engagement: Engaging stakeholders, including employees, leaders, customers, and partners, is crucial for successful change management. Involving stakeholders in the change process, addressing their concerns, and soliciting their feedback fosters ownership and commitment.

c. Communication and Transparency: Effective communication is paramount during change management. Regular and transparent communication helps create understanding, manage expectations, and build trust. It is important to communicate the reasons for change, its impact, and the benefits it will bring.

d. Change Champions and Training: Identifying change champions within the organization and equipping them with the necessary skills and knowledge empowers them to drive change at the grassroots level. Providing training and development opportunities helps employees adapt to new processes, technologies, or ways of working.

e. Resource Allocation and Support: Allocating adequate resources, both financial and human, is essential for successful change management. Providing the necessary support, such as coaching, mentoring, and removing barriers, enables employees to navigate the change effectively.',
        '2023-04-19',139);

INSERT INTO Content (ContentID, OrganizationID, Title, Description, Body, CreationDate, UserID)
VALUES (240,10,'Human Resources Consulting',
        'This article explores the topic of human resources (HR) consulting, focusing on the role of HR consultants in providing expert guidance and support to organizations in managing their human capital. It discusses the services offered by HR consultants, their impact on organizational effectiveness, and the benefits of outsourcing HR functions. Discover how HR consulting can help organizations optimize their HR practices, attract and retain talent, and create a productive and engaged workforce.',
        'Human resources (HR) consulting plays a crucial role in helping organizations effectively manage their most valuable asset: their people. This article delves into the topic, highlighting the services provided by HR consultants and the benefits of leveraging their expertise.

Services Offered by HR Consultants:
a. HR Strategy and Planning: HR consultants assist organizations in developing HR strategies aligned with business objectives. They assess the current HR practices, identify gaps, and design strategic plans to optimize HR functions, such as talent acquisition, performance management, learning and development, and employee engagement.
b. Talent Acquisition and Recruitment: HR consultants provide expertise in attracting and selecting top talent. They help design recruitment strategies, create job descriptions, conduct candidate assessments, and develop onboarding programs to ensure a seamless integration of new hires into the organization.

c. Performance Management: Consultants assist organizations in designing and implementing effective performance management systems. This includes developing performance evaluation frameworks, setting performance goals, providing feedback and coaching, and implementing performance improvement plans.

d. Employee Engagement and Retention: HR consultants help organizations create a positive work environment and enhance employee engagement. They conduct employee surveys, assess organizational culture, develop recognition and rewards programs, and implement initiatives to improve work-life balance and overall employee satisfaction.

e. Learning and Development: Consultants support organizations in designing and implementing learning and development programs. They assess training needs, develop training curricula, facilitate workshops, and provide coaching and mentoring services to enhance employees'' skills and competencies.

f. Compensation and Benefits: HR consultants assist in developing competitive compensation and benefits structures. They conduct market research, design salary structures, develop incentive plans, and ensure compliance with compensation laws and regulations.

g. HR Compliance and Legal Support: Consultants provide guidance on HR compliance, including labor laws, workplace safety regulations, and employee rights. They assist in developing HR policies and procedures, ensuring legal compliance, and mitigating potential risks.

h. HR Technology and Systems: Consultants help organizations select, implement, and optimize HR technology systems, such as human resource information systems (HRIS), applicant tracking systems (ATS), and learning management systems (LMS). They provide guidance on system integration, data management, and automation of HR processes.

Impact on Organizational Effectiveness:
HR consulting has a significant impact on organizational effectiveness and performance. By leveraging the expertise of HR consultants, organizations can:
a. Enhance HR Practices: HR consultants help organizations optimize their HR functions, aligning them with business goals and best practices. This leads to improved talent acquisition, performance management, employee engagement, and learning and development initiatives.

b. Attract and Retain Talent: Effective HR strategies and practices, guided by consultants, enhance the organization''s employer brand, making it more attractive to top talent. This improves recruitment outcomes and increases employee retention, reducing turnover costs.

c. Ensure Compliance and Risk Mitigation: HR consultants assist in ensuring compliance with labor laws, regulations, and HR-related legal requirements. This reduces the risk of legal issues, penalties, and reputational damage associated with non-compliance.

d. Drive Organizational Culture: HR consultants play a vital role in shaping and nurturing organizational culture. They help create a positive work environment, foster employee engagement, and reinforce desired values and behaviors throughout the organization.

e. Optimize HR Technology: HR consultants assist organizations in selecting and implementing appropriate HR technology systems. This streamlines HR processes, improves data management',
        '2023-05-01',138);


CREATE TABLE Categories(
	CategoryID		INT				PRIMARY KEY,
	CategoryName	VARCHAR(50)		UNIQUE
);

SELECT * FROM Categories;

DROP TABLE Categories;


INSERT INTO Categories (CategoryID,CategoryName)
VALUES (301,'Documents');

INSERT INTO Categories (CategoryID,CategoryName)
VALUES (302,'Form');

INSERT INTO Categories (CategoryID,CategoryName)
VALUES (303,'Web Page');

INSERT INTO Categories (CategoryID,CategoryName)
VALUES (304,'Image');

INSERT INTO Categories (CategoryID,CategoryName)
VALUES (305,'Video');

INSERT INTO Categories (CategoryID,CategoryName)
VALUES (306,'Audio');

INSERT INTO Categories (CategoryID,CategoryName)
VALUES (307,'Social Media');

INSERT INTO Categories (CategoryID,CategoryName)
VALUES (308,'Resources');

CREATE TABLE ContentCategories(
	ContentID		INT					FOREIGN KEY REFERENCES Content (ContentID),
	CategoryID		INT					FOREIGN KEY REFERENCES Categories (CategoryID),
	CONSTRAINT PK_ContentCategories		PRIMARY KEY (ContentID,CategoryID)
);

SELECT * FROM ContentCategories;

--DROP TABLE ContentCategories;
--TRUNCATE TABLE ContentCategories;
INSERT INTO ContentCategories (ContentID, CategoryID)
VALUES (201,301);
INSERT INTO ContentCategories (ContentID, CategoryID)
VALUES (201,303);
INSERT INTO ContentCategories (ContentID, CategoryID)
VALUES (201,304);
INSERT INTO ContentCategories (ContentID, CategoryID)
VALUES (201,305);

INSERT INTO ContentCategories (ContentID, CategoryID)
VALUES (202,301);
INSERT INTO ContentCategories (ContentID, CategoryID)
VALUES (202,303);
INSERT INTO ContentCategories (ContentID, CategoryID)
VALUES (202,304);
INSERT INTO ContentCategories (ContentID, CategoryID)
VALUES (202,305);

INSERT INTO ContentCategories (ContentID, CategoryID)
VALUES (203,301);
INSERT INTO ContentCategories (ContentID, CategoryID)
VALUES (203,303);
INSERT INTO ContentCategories (ContentID, CategoryID)
VALUES (203,304);
INSERT INTO ContentCategories (ContentID, CategoryID)
VALUES (203,305);

INSERT INTO ContentCategories (ContentID, CategoryID)
VALUES (204,301);
INSERT INTO ContentCategories (ContentID, CategoryID)
VALUES (204,303);
INSERT INTO ContentCategories (ContentID, CategoryID)
VALUES (204,304);
INSERT INTO ContentCategories (ContentID, CategoryID)
VALUES (204,305);

INSERT INTO ContentCategories (ContentID, CategoryID)
VALUES (205,301);
INSERT INTO ContentCategories (ContentID, CategoryID)
VALUES (205,303);
INSERT INTO ContentCategories (ContentID, CategoryID)
VALUES (205,304);
INSERT INTO ContentCategories (ContentID, CategoryID)
VALUES (205,305);

INSERT INTO ContentCategories (ContentID, CategoryID)
VALUES (206,301);
INSERT INTO ContentCategories (ContentID, CategoryID)
VALUES (206,303);
INSERT INTO ContentCategories (ContentID, CategoryID)
VALUES (206,304);
INSERT INTO ContentCategories (ContentID, CategoryID)
VALUES (206,305);

INSERT INTO ContentCategories (ContentID, CategoryID)
VALUES (207,301);
INSERT INTO ContentCategories (ContentID, CategoryID)
VALUES (207,303);
INSERT INTO ContentCategories (ContentID, CategoryID)
VALUES (207,304);
INSERT INTO ContentCategories (ContentID, CategoryID)
VALUES (207,305);

INSERT INTO ContentCategories (ContentID, CategoryID)
VALUES (208,301);
INSERT INTO ContentCategories (ContentID, CategoryID)
VALUES (208,303);
INSERT INTO ContentCategories (ContentID, CategoryID)
VALUES (208,304);
INSERT INTO ContentCategories (ContentID, CategoryID)
VALUES (208,305);

INSERT INTO ContentCategories (ContentID, CategoryID)
VALUES (209,301);
INSERT INTO ContentCategories (ContentID, CategoryID)
VALUES (209,303);
INSERT INTO ContentCategories (ContentID, CategoryID)
VALUES (209,304);
INSERT INTO ContentCategories (ContentID, CategoryID)
VALUES (209,305);

INSERT INTO ContentCategories (ContentID, CategoryID)
VALUES (210,301);
INSERT INTO ContentCategories (ContentID, CategoryID)
VALUES (210,303);
INSERT INTO ContentCategories (ContentID, CategoryID)
VALUES (210,304);
INSERT INTO ContentCategories (ContentID, CategoryID)
VALUES (210,305);

INSERT INTO ContentCategories (ContentID, CategoryID)
VALUES (211,301);
INSERT INTO ContentCategories (ContentID, CategoryID)
VALUES (211,303);
INSERT INTO ContentCategories (ContentID, CategoryID)
VALUES (211,304);
INSERT INTO ContentCategories (ContentID, CategoryID)
VALUES (211,305);

INSERT INTO ContentCategories (ContentID, CategoryID)
VALUES (212,301);
INSERT INTO ContentCategories (ContentID, CategoryID)
VALUES (212,303);
INSERT INTO ContentCategories (ContentID, CategoryID)
VALUES (212,304);
INSERT INTO ContentCategories (ContentID, CategoryID)
VALUES (212,305);

INSERT INTO ContentCategories (ContentID, CategoryID)
VALUES (213,301);
INSERT INTO ContentCategories (ContentID, CategoryID)
VALUES (213,303);
INSERT INTO ContentCategories (ContentID, CategoryID)
VALUES (213,304);
INSERT INTO ContentCategories (ContentID, CategoryID)
VALUES (213,305);

INSERT INTO ContentCategories (ContentID, CategoryID)
VALUES (214,301);
INSERT INTO ContentCategories (ContentID, CategoryID)
VALUES (214,303);
INSERT INTO ContentCategories (ContentID, CategoryID)
VALUES (214,304);
INSERT INTO ContentCategories (ContentID, CategoryID)
VALUES (214,305);

INSERT INTO ContentCategories (ContentID, CategoryID)
VALUES (215,301);
INSERT INTO ContentCategories (ContentID, CategoryID)
VALUES (215,303);
INSERT INTO ContentCategories (ContentID, CategoryID)
VALUES (215,304);
INSERT INTO ContentCategories (ContentID, CategoryID)
VALUES (215,305);

INSERT INTO ContentCategories (ContentID, CategoryID)
VALUES (216,301);
INSERT INTO ContentCategories (ContentID, CategoryID)
VALUES (216,303);
INSERT INTO ContentCategories (ContentID, CategoryID)
VALUES (216,304);
INSERT INTO ContentCategories (ContentID, CategoryID)
VALUES (216,305);

INSERT INTO ContentCategories (ContentID, CategoryID)
VALUES (217,301);
INSERT INTO ContentCategories (ContentID, CategoryID)
VALUES (217,303);
INSERT INTO ContentCategories (ContentID, CategoryID)
VALUES (217,304);
INSERT INTO ContentCategories (ContentID, CategoryID)
VALUES (217,305);

INSERT INTO ContentCategories (ContentID, CategoryID)
VALUES (218,301);
INSERT INTO ContentCategories (ContentID, CategoryID)
VALUES (218,303);
INSERT INTO ContentCategories (ContentID, CategoryID)
VALUES (218,304);
INSERT INTO ContentCategories (ContentID, CategoryID)
VALUES (218,305);

INSERT INTO ContentCategories (ContentID, CategoryID)
VALUES (219,301);
INSERT INTO ContentCategories (ContentID, CategoryID)
VALUES (219,303);
INSERT INTO ContentCategories (ContentID, CategoryID)
VALUES (219,304);
INSERT INTO ContentCategories (ContentID, CategoryID)
VALUES (219,305);

INSERT INTO ContentCategories (ContentID, CategoryID)
VALUES (220,301);
INSERT INTO ContentCategories (ContentID, CategoryID)
VALUES (220,303);
INSERT INTO ContentCategories (ContentID, CategoryID)
VALUES (220,304);
INSERT INTO ContentCategories (ContentID, CategoryID)
VALUES (220,305);

INSERT INTO ContentCategories (ContentID, CategoryID)
VALUES (221,301);
INSERT INTO ContentCategories (ContentID, CategoryID)
VALUES (221,303);
INSERT INTO ContentCategories (ContentID, CategoryID)
VALUES (221,304);
INSERT INTO ContentCategories (ContentID, CategoryID)
VALUES (221,305);

INSERT INTO ContentCategories (ContentID, CategoryID)
VALUES (222,301);
INSERT INTO ContentCategories (ContentID, CategoryID)
VALUES (222,303);
INSERT INTO ContentCategories (ContentID, CategoryID)
VALUES (222,304);
INSERT INTO ContentCategories (ContentID, CategoryID)
VALUES (222,305);

INSERT INTO ContentCategories (ContentID, CategoryID)
VALUES (223,301);
INSERT INTO ContentCategories (ContentID, CategoryID)
VALUES (223,303);
INSERT INTO ContentCategories (ContentID, CategoryID)
VALUES (223,304);
INSERT INTO ContentCategories (ContentID, CategoryID)
VALUES (223,305);

INSERT INTO ContentCategories (ContentID, CategoryID)
VALUES (224,301);
INSERT INTO ContentCategories (ContentID, CategoryID)
VALUES (224,303);
INSERT INTO ContentCategories (ContentID, CategoryID)
VALUES (224,304);
INSERT INTO ContentCategories (ContentID, CategoryID)
VALUES (224,305);

INSERT INTO ContentCategories (ContentID, CategoryID)
VALUES (225,301);
INSERT INTO ContentCategories (ContentID, CategoryID)
VALUES (225,303);
INSERT INTO ContentCategories (ContentID, CategoryID)
VALUES (225,304);
INSERT INTO ContentCategories (ContentID, CategoryID)
VALUES (225,305);

INSERT INTO ContentCategories (ContentID, CategoryID)
VALUES (226,301);
INSERT INTO ContentCategories (ContentID, CategoryID)
VALUES (226,303);
INSERT INTO ContentCategories (ContentID, CategoryID)
VALUES (226,304);
INSERT INTO ContentCategories (ContentID, CategoryID)
VALUES (226,305);

INSERT INTO ContentCategories (ContentID, CategoryID)
VALUES (227,301);
INSERT INTO ContentCategories (ContentID, CategoryID)
VALUES (227,303);
INSERT INTO ContentCategories (ContentID, CategoryID)
VALUES (227,304);
INSERT INTO ContentCategories (ContentID, CategoryID)
VALUES (227,305);

INSERT INTO ContentCategories (ContentID, CategoryID)
VALUES (228,301);
INSERT INTO ContentCategories (ContentID, CategoryID)
VALUES (228,303);
INSERT INTO ContentCategories (ContentID, CategoryID)
VALUES (228,304);
INSERT INTO ContentCategories (ContentID, CategoryID)
VALUES (228,305);

INSERT INTO ContentCategories (ContentID, CategoryID)
VALUES (229,301);
INSERT INTO ContentCategories (ContentID, CategoryID)
VALUES (229,303);
INSERT INTO ContentCategories (ContentID, CategoryID)
VALUES (229,304);
INSERT INTO ContentCategories (ContentID, CategoryID)
VALUES (229,305);

INSERT INTO ContentCategories (ContentID, CategoryID)
VALUES (230,301);
INSERT INTO ContentCategories (ContentID, CategoryID)
VALUES (230,303);
INSERT INTO ContentCategories (ContentID, CategoryID)
VALUES (230,304);
INSERT INTO ContentCategories (ContentID, CategoryID)
VALUES (230,305);

INSERT INTO ContentCategories (ContentID, CategoryID)
VALUES (231,301);
INSERT INTO ContentCategories (ContentID, CategoryID)
VALUES (231,303);
INSERT INTO ContentCategories (ContentID, CategoryID)
VALUES (231,304);
INSERT INTO ContentCategories (ContentID, CategoryID)
VALUES (231,305);

INSERT INTO ContentCategories (ContentID, CategoryID)
VALUES (232,301);
INSERT INTO ContentCategories (ContentID, CategoryID)
VALUES (232,303);
INSERT INTO ContentCategories (ContentID, CategoryID)
VALUES (232,304);
INSERT INTO ContentCategories (ContentID, CategoryID)
VALUES (232,305);

INSERT INTO ContentCategories (ContentID, CategoryID)
VALUES (233,301);
INSERT INTO ContentCategories (ContentID, CategoryID)
VALUES (233,303);
INSERT INTO ContentCategories (ContentID, CategoryID)
VALUES (233,304);
INSERT INTO ContentCategories (ContentID, CategoryID)
VALUES (233,305);

INSERT INTO ContentCategories (ContentID, CategoryID)
VALUES (234,301);
INSERT INTO ContentCategories (ContentID, CategoryID)
VALUES (234,303);
INSERT INTO ContentCategories (ContentID, CategoryID)
VALUES (234,304);
INSERT INTO ContentCategories (ContentID, CategoryID)
VALUES (234,305);

INSERT INTO ContentCategories (ContentID, CategoryID)
VALUES (235,301);
INSERT INTO ContentCategories (ContentID, CategoryID)
VALUES (235,303);
INSERT INTO ContentCategories (ContentID, CategoryID)
VALUES (235,304);
INSERT INTO ContentCategories (ContentID, CategoryID)
VALUES (235,305);

INSERT INTO ContentCategories (ContentID, CategoryID)
VALUES (236,301);
INSERT INTO ContentCategories (ContentID, CategoryID)
VALUES (236,303);
INSERT INTO ContentCategories (ContentID, CategoryID)
VALUES (236,304);
INSERT INTO ContentCategories (ContentID, CategoryID)
VALUES (236,305);

INSERT INTO ContentCategories (ContentID, CategoryID)
VALUES (237,301);
INSERT INTO ContentCategories (ContentID, CategoryID)
VALUES (237,303);
INSERT INTO ContentCategories (ContentID, CategoryID)
VALUES (237,304);
INSERT INTO ContentCategories (ContentID, CategoryID)
VALUES (237,305);

INSERT INTO ContentCategories (ContentID, CategoryID)
VALUES (238,301);
INSERT INTO ContentCategories (ContentID, CategoryID)
VALUES (238,303);
INSERT INTO ContentCategories (ContentID, CategoryID)
VALUES (238,304);
INSERT INTO ContentCategories (ContentID, CategoryID)
VALUES (238,305);

INSERT INTO ContentCategories (ContentID, CategoryID)
VALUES (239,301);
INSERT INTO ContentCategories (ContentID, CategoryID)
VALUES (239,303);
INSERT INTO ContentCategories (ContentID, CategoryID)
VALUES (239,304);
INSERT INTO ContentCategories (ContentID, CategoryID)
VALUES (239,305);

INSERT INTO ContentCategories (ContentID, CategoryID)
VALUES (240,301);
INSERT INTO ContentCategories (ContentID, CategoryID)
VALUES (240,303);
INSERT INTO ContentCategories (ContentID, CategoryID)
VALUES (240,304);
INSERT INTO ContentCategories (ContentID, CategoryID)
VALUES (240,305);

CREATE TABLE ContentData(
	DataID					INT				PRIMARY KEY IDENTITY (401,1),
	FileName				VARCHAR(100)	NOT NULL,
	DataFile                VARBINARY(MAX)  NOT NULL,
	FilePath                VARCHAR(255)    NOT NULL,
	Extension				VARCHAR(20)		NOT NULL,
	FileSize                VARCHAR(50)     NOT NULL,
	ContentType				VARCHAR(50)		NOT NULL,
	ContentID				INT				FOREIGN KEY REFERENCES Content (ContentID),
	CategoryID				INT				FOREIGN KEY REFERENCES Categories (CategoryID)

);


SELECT * FROM ContentData;
SELECT DataID,FileName,ContentType,ContentID,CategoryID FROM ContentData;

--Truncate table ContentData;

--DROP TABLE ContentData;





CREATE TABLE BillingPlans(
	PlanID			INT				PRIMARY KEY,
	PlanName		VARCHAR(50)		NOT NULL,
	Descripition	VARCHAR(255)	NOT NULL,
	Features        VARCHAR(MAX)    NOT NULL,
	MonthlyPrice	MONEY			NOT	NULL
);

SELECT * FROM BillingPlans;
--DROP TABLE  BillingPlans;
--TRUNCATE TABLE  BillingPlans;

INSERT  INTO BillingPlans (PlanID, PlanName, Descripition,Features,MonthlyPrice)
VALUES (601,'Basic Plan','Entry-level plan for individuals or small businesses with basic content management needs.',
        'Website creation and management
        Basic themes and templates
        Limited storage space
        Basic analytics and reporting',1999);

INSERT  INTO BillingPlans (PlanID, PlanName, Descripition, Features, MonthlyPrice)
VALUES  (602,'Pro Plan','A comprehensive plan for growing businesses or professional bloggers who require advanced features.',
         'All features of the Basic Plan
          Advanced themes and customization options
          Additional storage space
          SEO tools and optimization
          Enhanced analytics and reporting',3499);
INSERT INTO BillingPlans (PlanID, PlanName, Descripition, Features, MonthlyPrice)
VALUES (603,'E-commerce Plan','Ideal for businesses focusing on online sales and requiring robust e-commerce capabilities.',
        'All features of the Pro Plan
        E-commerce functionality (shopping cart, product catalog, payment integration)
        Inventory management
        Order tracking and fulfillment
        Customer support integration',4999);
INSERT INTO BillingPlans (PlanID, PlanName, Descripition, Features, MonthlyPrice)
VALUES (604,'Enterprise Plan','Tailored for large-scale businesses with complex content management requirements and multiple users.',
        'All features of the E-commerce Plan
        Advanced user management and permissions
        Multilingual support
        API access for integration with external systems
        Dedicated account manager',6499);
INSERT INTO BillingPlans (PlanID, PlanName, Descripition, Features, MonthlyPrice)
VALUES (605,'Agency Plan','Designed for web developers, agencies, or freelancers managing multiple client websites.',
        'Multiple user accounts
        White-label branding options
        Client management features
        Developer tools and resources
        Priority support and dedicated resources',9999);

CREATE TABLE Subscription(
	SubscriptionID			INT			PRIMARY KEY,
	OrganizationID          INT         FOREIGN KEY REFERENCES Organizations (OrganizationID),
	UserID					INT			FOREIGN KEY REFERENCES Users (UserID),
	PlanID					INT			FOREIGN KEY REFERENCES BillingPlans (PlanID),
	StartDate				DATETIME	NOT NULL,
	EndDate					DATETIME	NOT NULL
);

SELECT * FROM Subscription;
SELECT * FROM Users;
SELECT * FROM Content;

DROP TABLE Subscription;
TRUNCATE  TABLE Subscription;

INSERT INTO Subscription (SubscriptionID, OrganizationID, UserID, PlanID, StartDate, EndDate)
VALUES (701, 1, 101, 601, '2021-12-15', '2022-01-15');
INSERT INTO Subscription (SubscriptionID, OrganizationID, UserID, PlanID, StartDate, EndDate)
VALUES (702, 1, 101, 601, '2022-01-15', '2022-02-15');
INSERT INTO Subscription (SubscriptionID, OrganizationID, UserID, PlanID, StartDate, EndDate)
VALUES (703, 1, 101, 601, '2022-02-15', '2022-03-15');
INSERT INTO Subscription (SubscriptionID, OrganizationID, UserID, PlanID, StartDate, EndDate)
VALUES (704, 1, 101, 601, '2022-03-15', '2022-04-15');
INSERT INTO Subscription (SubscriptionID, OrganizationID, UserID, PlanID, StartDate, EndDate)
VALUES (705, 1, 101, 601, '2022-04-15', '2022-05-15');
INSERT INTO Subscription (SubscriptionID, OrganizationID, UserID, PlanID, StartDate, EndDate)
VALUES (706, 1, 101, 601, '2022-05-15', '2022-06-15');
INSERT INTO Subscription (SubscriptionID, OrganizationID, UserID, PlanID, StartDate, EndDate)
VALUES (707, 1, 101, 602, '2022-06-15', '2022-07-15');
INSERT INTO Subscription (SubscriptionID, OrganizationID, UserID, PlanID, StartDate, EndDate)
VALUES (708, 1, 101, 602, '2022-07-15', '2022-08-15');
INSERT INTO Subscription (SubscriptionID, OrganizationID, UserID, PlanID, StartDate, EndDate)
VALUES (709, 1, 101, 602, '2022-08-15', '2022-09-15');
INSERT INTO Subscription (SubscriptionID, OrganizationID, UserID, PlanID, StartDate, EndDate)
VALUES (710, 1, 101, 602, '2022-09-15', '2022-10-15');
INSERT INTO Subscription (SubscriptionID, OrganizationID, UserID, PlanID, StartDate, EndDate)
VALUES (711, 1, 101, 602, '2022-10-15', '2022-11-15');
INSERT INTO Subscription (SubscriptionID, OrganizationID, UserID, PlanID, StartDate, EndDate)
VALUES (712, 1, 101, 602, '2022-11-15', '2022-12-15');
INSERT INTO Subscription (SubscriptionID, OrganizationID, UserID, PlanID, StartDate, EndDate)
VALUES (713, 1, 101, 602, '2022-12-15', '2023-01-15');
INSERT INTO Subscription (SubscriptionID, OrganizationID, UserID, PlanID, StartDate, EndDate)
VALUES (714, 1, 101, 604, '2023-01-15', '2023-02-15');
INSERT INTO Subscription (SubscriptionID, OrganizationID, UserID, PlanID, StartDate, EndDate)
VALUES (715, 1, 101, 604, '2023-02-15', '2023-03-15');
INSERT INTO Subscription (SubscriptionID, OrganizationID, UserID, PlanID, StartDate, EndDate)
VALUES (716, 1, 101, 604, '2023-03-15', '2023-04-15');
INSERT INTO Subscription (SubscriptionID, OrganizationID, UserID, PlanID, StartDate, EndDate)
VALUES (717, 1, 101, 604, '2023-04-15', '2023-05-15');
INSERT INTO Subscription (SubscriptionID, OrganizationID, UserID, PlanID, StartDate, EndDate)
VALUES (718, 1, 101, 604, '2023-05-15', '2023-06-15');


INSERT INTO Subscription (SubscriptionID, OrganizationID, UserID, PlanID, StartDate, EndDate)
VALUES (719, 2, 105, 601, '2022-11-10', '2022-12-10');
INSERT INTO Subscription (SubscriptionID, OrganizationID, UserID, PlanID, StartDate, EndDate)
VALUES (720, 2, 105, 601, '2022-12-10', '2023-01-10');
INSERT INTO Subscription (SubscriptionID, OrganizationID, UserID, PlanID, StartDate, EndDate)
VALUES (721, 2, 105, 601, '2023-01-10', '2023-02-10');
INSERT INTO Subscription (SubscriptionID, OrganizationID, UserID, PlanID, StartDate, EndDate)
VALUES (722, 2, 105, 601, '2023-02-10', '2023-03-10');
INSERT INTO Subscription (SubscriptionID, OrganizationID, UserID, PlanID, StartDate, EndDate)
VALUES (723, 2, 105, 602, '2023-04-10', '2023-05-10');
INSERT INTO Subscription (SubscriptionID, OrganizationID, UserID, PlanID, StartDate, EndDate)
VALUES (724, 2, 105, 602, '2023-05-10', '2023-06-10');

INSERT INTO Subscription (SubscriptionID, OrganizationID, UserID, PlanID, StartDate, EndDate)
VALUES (725, 3, 109, 601, '2022-05-05', '2022-06-05');
INSERT INTO Subscription (SubscriptionID, OrganizationID, UserID, PlanID, StartDate, EndDate)
VALUES (726, 3, 109, 601, '2022-06-05', '2022-07-05');
INSERT INTO Subscription (SubscriptionID, OrganizationID, UserID, PlanID, StartDate, EndDate)
VALUES (727, 3, 109, 602, '2022-07-05', '2022-08-05');
INSERT INTO Subscription (SubscriptionID, OrganizationID, UserID, PlanID, StartDate, EndDate)
VALUES (728, 3, 109, 602, '2022-08-05', '2022-09-05');
INSERT INTO Subscription (SubscriptionID, OrganizationID, UserID, PlanID, StartDate, EndDate)
VALUES (729, 3, 109, 602, '2022-09-05', '2022-10-05');
INSERT INTO Subscription (SubscriptionID, OrganizationID, UserID, PlanID, StartDate, EndDate)
VALUES (730, 3, 109, 602, '2022-10-05', '2022-11-05');
INSERT INTO Subscription (SubscriptionID, OrganizationID, UserID, PlanID, StartDate, EndDate)
VALUES (731, 3, 109, 603, '2022-11-05', '2022-12-05');
INSERT INTO Subscription (SubscriptionID, OrganizationID, UserID, PlanID, StartDate, EndDate)
VALUES (732, 3, 109, 603, '2022-12-05', '2023-01-05');
INSERT INTO Subscription (SubscriptionID, OrganizationID, UserID, PlanID, StartDate, EndDate)
VALUES (733, 3, 109, 603, '2023-01-05', '2023-02-05');
INSERT INTO Subscription (SubscriptionID, OrganizationID, UserID, PlanID, StartDate, EndDate)
VALUES (734, 3, 109, 603, '2023-02-05', '2023-03-05');
INSERT INTO Subscription (SubscriptionID, OrganizationID, UserID, PlanID, StartDate, EndDate)
VALUES (735, 3, 109, 603, '2023-03-05', '2023-04-05');
INSERT INTO Subscription (SubscriptionID, OrganizationID, UserID, PlanID, StartDate, EndDate)
VALUES (736, 3, 109, 603, '2023-04-05', '2023-05-05');
INSERT INTO Subscription (SubscriptionID, OrganizationID, UserID, PlanID, StartDate, EndDate)
VALUES (737, 3, 109, 603, '2023-05-05', '2023-06-05');
INSERT INTO Subscription (SubscriptionID, OrganizationID, UserID, PlanID, StartDate, EndDate)
VALUES (738, 3, 109, 603, '2023-06-05', '2023-07-05');


INSERT INTO Subscription (SubscriptionID, OrganizationID, UserID, PlanID, StartDate, EndDate)
VALUES (739, 4, 113, 601, '2021-05-01', '2021-06-01');
INSERT INTO Subscription (SubscriptionID, OrganizationID, UserID, PlanID, StartDate, EndDate)
VALUES (740, 4, 113, 601, '2021-06-01', '2021-07-01');
INSERT INTO Subscription (SubscriptionID, OrganizationID, UserID, PlanID, StartDate, EndDate)
VALUES (741, 4, 113, 601, '2021-07-01', '2021-08-01');
INSERT INTO Subscription (SubscriptionID, OrganizationID, UserID, PlanID, StartDate, EndDate)
VALUES (742, 4, 113, 601, '2021-08-01', '2021-09-01');
INSERT INTO Subscription (SubscriptionID, OrganizationID, UserID, PlanID, StartDate, EndDate)
VALUES (743, 4, 113, 601, '2021-09-01', '2021-10-01');
INSERT INTO Subscription (SubscriptionID, OrganizationID, UserID, PlanID, StartDate, EndDate)
VALUES (744, 4, 113, 601, '2021-10-01', '2021-11-01');
INSERT INTO Subscription (SubscriptionID, OrganizationID, UserID, PlanID, StartDate, EndDate)
VALUES (745, 4, 113, 602, '2021-11-01', '2021-12-01');
INSERT INTO Subscription (SubscriptionID, OrganizationID, UserID, PlanID, StartDate, EndDate)
VALUES (746, 4, 113, 602, '2021-12-01', '2022-01-01');
INSERT INTO Subscription (SubscriptionID, OrganizationID, UserID, PlanID, StartDate, EndDate)
VALUES (747, 4, 113, 602, '2022-01-01', '2022-02-01');
INSERT INTO Subscription (SubscriptionID, OrganizationID, UserID, PlanID, StartDate, EndDate)
VALUES (748, 4, 113, 602, '2022-02-01', '2022-03-01');
INSERT INTO Subscription (SubscriptionID, OrganizationID, UserID, PlanID, StartDate, EndDate)
VALUES (749, 4, 113, 602, '2022-03-01', '2022-04-01');
INSERT INTO Subscription (SubscriptionID, OrganizationID, UserID, PlanID, StartDate, EndDate)
VALUES (750, 4, 113, 602, '2022-04-01', '2022-05-01');
INSERT INTO Subscription (SubscriptionID, OrganizationID, UserID, PlanID, StartDate, EndDate)
VALUES (751, 4, 113, 602, '2022-05-01', '2022-06-01');
INSERT INTO Subscription (SubscriptionID, OrganizationID, UserID, PlanID, StartDate, EndDate)
VALUES (752, 4, 113, 602, '2022-06-01', '2022-07-01');
INSERT INTO Subscription (SubscriptionID, OrganizationID, UserID, PlanID, StartDate, EndDate)
VALUES (753, 4, 113, 603, '2022-07-01', '2022-08-01');
INSERT INTO Subscription (SubscriptionID, OrganizationID, UserID, PlanID, StartDate, EndDate)
VALUES (754, 4, 113, 603, '2022-08-01', '2022-09-01');
INSERT INTO Subscription (SubscriptionID, OrganizationID, UserID, PlanID, StartDate, EndDate)
VALUES (755, 4, 113, 603, '2022-09-01', '2022-10-01');
INSERT INTO Subscription (SubscriptionID, OrganizationID, UserID, PlanID, StartDate, EndDate)
VALUES (756, 4, 113, 603, '2022-10-01', '2022-11-01');
INSERT INTO Subscription (SubscriptionID, OrganizationID, UserID, PlanID, StartDate, EndDate)
VALUES (757, 4, 113, 603, '2022-11-01', '2022-12-01');
INSERT INTO Subscription (SubscriptionID, OrganizationID, UserID, PlanID, StartDate, EndDate)
VALUES (758, 4, 113, 603, '2022-12-01', '2023-01-01');
INSERT INTO Subscription (SubscriptionID, OrganizationID, UserID, PlanID, StartDate, EndDate)
VALUES (759, 4, 113, 603, '2023-01-01', '2023-02-01');
INSERT INTO Subscription (SubscriptionID, OrganizationID, UserID, PlanID, StartDate, EndDate)
VALUES (760, 4, 113, 604, '2023-02-01', '2023-03-01');
INSERT INTO Subscription (SubscriptionID, OrganizationID, UserID, PlanID, StartDate, EndDate)
VALUES (761, 4, 113, 604, '2023-03-01', '2023-04-01');
INSERT INTO Subscription (SubscriptionID, OrganizationID, UserID, PlanID, StartDate, EndDate)
VALUES (762, 4, 113, 604, '2023-04-01', '2023-05-01');
INSERT INTO Subscription (SubscriptionID, OrganizationID, UserID, PlanID, StartDate, EndDate)
VALUES (763, 4, 113, 604, '2023-05-01', '2023-06-01');
INSERT INTO Subscription (SubscriptionID, OrganizationID, UserID, PlanID, StartDate, EndDate)
VALUES (764, 4, 113, 604, '2023-06-01', '2023-07-01');

INSERT INTO Subscription (SubscriptionID, OrganizationID, UserID, PlanID, StartDate, EndDate)
VALUES (765, 5, 117, 601, '2023-01-20', '2023-02-20');
INSERT INTO Subscription (SubscriptionID, OrganizationID, UserID, PlanID, StartDate, EndDate)
VALUES (766, 5, 117, 601, '2023-02-20', '2023-03-20');
INSERT INTO Subscription (SubscriptionID, OrganizationID, UserID, PlanID, StartDate, EndDate)
VALUES (767, 5, 117, 603, '2023-03-20', '2023-04-20');
INSERT INTO Subscription (SubscriptionID, OrganizationID, UserID, PlanID, StartDate, EndDate)
VALUES (768, 5, 117, 603, '2023-04-20', '2023-05-20');
INSERT INTO Subscription (SubscriptionID, OrganizationID, UserID, PlanID, StartDate, EndDate)
VALUES (769, 5, 117, 603, '2023-05-20', '2023-06-20');

INSERT INTO Subscription (SubscriptionID, OrganizationID, UserID, PlanID, StartDate, EndDate)
VALUES (770, 6, 121, 601, '2022-12-25', '2023-01-25');
INSERT INTO Subscription (SubscriptionID, OrganizationID, UserID, PlanID, StartDate, EndDate)
VALUES (771, 6, 121, 602, '2023-01-25', '2023-02-25');
INSERT INTO Subscription (SubscriptionID, OrganizationID, UserID, PlanID, StartDate, EndDate)
VALUES (772, 6, 121, 602, '2023-02-25', '2023-03-25');
INSERT INTO Subscription (SubscriptionID, OrganizationID, UserID, PlanID, StartDate, EndDate)
VALUES (773, 6, 121, 604, '2023-03-25', '2023-04-25');
INSERT INTO Subscription (SubscriptionID, OrganizationID, UserID, PlanID, StartDate, EndDate)
VALUES (774, 6, 121, 604, '2023-04-25', '2023-05-25');
INSERT INTO Subscription (SubscriptionID, OrganizationID, UserID, PlanID, StartDate, EndDate)
VALUES (775, 6, 121, 604, '2023-05-25', '2023-06-25');

INSERT INTO Subscription (SubscriptionID, OrganizationID, UserID, PlanID, StartDate, EndDate)
VALUES (776, 7, 125, 601, '2023-02-10', '2023-03-10');
INSERT INTO Subscription (SubscriptionID, OrganizationID, UserID, PlanID, StartDate, EndDate)
VALUES (777, 7, 125, 602, '2023-03-10', '2023-04-10');
INSERT INTO Subscription (SubscriptionID, OrganizationID, UserID, PlanID, StartDate, EndDate)
VALUES (778, 7, 125, 604, '2023-04-10', '2023-05-10');
INSERT INTO Subscription (SubscriptionID, OrganizationID, UserID, PlanID, StartDate, EndDate)
VALUES (779, 7, 125, 604, '2023-05-10', '2023-06-10');

INSERT INTO Subscription (SubscriptionID, OrganizationID, UserID, PlanID, StartDate, EndDate)
VALUES (780, 8, 129, 601, '2022-10-15', '2022-11-15');
INSERT INTO Subscription (SubscriptionID, OrganizationID, UserID, PlanID, StartDate, EndDate)
VALUES (781, 8, 129, 602, '2022-11-15', '2022-12-15');
INSERT INTO Subscription (SubscriptionID, OrganizationID, UserID, PlanID, StartDate, EndDate)
VALUES (782, 8, 129, 602, '2022-12-15', '2023-01-15');
INSERT INTO Subscription (SubscriptionID, OrganizationID, UserID, PlanID, StartDate, EndDate)
VALUES (783, 8, 129, 603, '2023-01-15', '2023-02-15');
INSERT INTO Subscription (SubscriptionID, OrganizationID, UserID, PlanID, StartDate, EndDate)
VALUES (784, 8, 129, 603, '2023-02-15', '2023-03-15');
INSERT INTO Subscription (SubscriptionID, OrganizationID, UserID, PlanID, StartDate, EndDate)
VALUES (785, 8, 129, 604, '2023-03-15', '2023-04-15');
INSERT INTO Subscription (SubscriptionID, OrganizationID, UserID, PlanID, StartDate, EndDate)
VALUES (786, 8, 129, 604, '2023-04-15', '2023-05-15');
INSERT INTO Subscription (SubscriptionID, OrganizationID, UserID, PlanID, StartDate, EndDate)
VALUES (787, 8, 129, 604, '2023-05-15', '2023-06-15');

INSERT INTO Subscription (SubscriptionID, OrganizationID, UserID, PlanID, StartDate, EndDate)
VALUES (788, 9, 133, 601, '2023-03-05', '2023-04-05');
INSERT INTO Subscription (SubscriptionID, OrganizationID, UserID, PlanID, StartDate, EndDate)
VALUES (789, 9, 133, 603, '2023-04-05', '2023-05-05');
INSERT INTO Subscription (SubscriptionID, OrganizationID, UserID, PlanID, StartDate, EndDate)
VALUES (790, 9, 133, 603, '2023-05-05', '2023-06-05');
INSERT INTO Subscription (SubscriptionID, OrganizationID, UserID, PlanID, StartDate, EndDate)
VALUES (791, 9, 133, 603, '2023-06-05', '2023-07-05');

INSERT INTO Subscription (SubscriptionID, OrganizationID, UserID, PlanID, StartDate, EndDate)
VALUES (792, 10, 137, 601, '2023-02-16', '2023-03-16');
INSERT INTO Subscription (SubscriptionID, OrganizationID, UserID, PlanID, StartDate, EndDate)
VALUES (793, 10, 137, 603, '2023-03-16', '2023-04-16');
INSERT INTO Subscription (SubscriptionID, OrganizationID, UserID, PlanID, StartDate, EndDate)
VALUES (794, 10, 137, 603, '2023-04-16', '2023-05-16');
INSERT INTO Subscription (SubscriptionID, OrganizationID, UserID, PlanID, StartDate, EndDate)
VALUES (795, 10, 137, 604, '2023-05-16', '2023-06-16');



CREATE TABLE Payments(
	PaymentID			INT			PRIMARY KEY,
	SubscriptionID		INT			FOREIGN KEY REFERENCES Subscription (SubscriptionID),
	PaymentDate			DATETIME	NOT NULL,
	Amount				DECIMAL		NOT NULL
);

SELECT * FROM  Payments;
--DROP TABLE Payments;
--TRUNCATE TABLE Payments;

INSERT INTO Payments (PaymentID, SubscriptionID, PaymentDate, Amount)
VALUES (801, 701, '2021-12-15 00:00:00.000', 1999);
INSERT INTO Payments (PaymentID, SubscriptionID, PaymentDate, Amount)
VALUES (802, 702, '2022-01-15 00:00:00.000', 1999);
INSERT INTO Payments (PaymentID, SubscriptionID, PaymentDate, Amount)
VALUES (803, 703, '2022-02-15 00:00:00.000', 1999);
INSERT INTO Payments (PaymentID, SubscriptionID, PaymentDate, Amount)
VALUES (804, 704, '2022-03-15 00:00:00.000', 1999);
INSERT INTO Payments (PaymentID, SubscriptionID, PaymentDate, Amount)
VALUES (805, 705, '2022-04-15 00:00:00.000', 1999);
INSERT INTO Payments (PaymentID, SubscriptionID, PaymentDate, Amount)
VALUES (806, 706, '2022-05-15 00:00:00.000', 1999);
INSERT INTO Payments (PaymentID, SubscriptionID, PaymentDate, Amount)
VALUES (807, 707, '2022-06-15 00:00:00.000', 3499);
INSERT INTO Payments (PaymentID, SubscriptionID, PaymentDate, Amount)
VALUES (808, 708, '2022-07-15 00:00:00.000', 3499);
INSERT INTO Payments (PaymentID, SubscriptionID, PaymentDate, Amount)
VALUES (809, 709, '2022-08-15 00:00:00.000', 3499);
INSERT INTO Payments (PaymentID, SubscriptionID, PaymentDate, Amount)
VALUES (810, 710, '2022-09-15 00:00:00.000', 3499);
INSERT INTO Payments (PaymentID, SubscriptionID, PaymentDate, Amount)
VALUES (811, 711, '2022-10-15 00:00:00.000', 3499);
INSERT INTO Payments (PaymentID, SubscriptionID, PaymentDate, Amount)
VALUES (812, 712, '2022-11-15 00:00:00.000', 3499);
INSERT INTO Payments (PaymentID, SubscriptionID, PaymentDate, Amount)
VALUES (813, 713, '2022-12-15 00:00:00.000', 3499);
INSERT INTO Payments (PaymentID, SubscriptionID, PaymentDate, Amount)
VALUES (814, 714, '2023-01-15 00:00:00.000', 6499);
INSERT INTO Payments (PaymentID, SubscriptionID, PaymentDate, Amount)
VALUES (815, 715, '2023-02-15 00:00:00.000', 6499);
INSERT INTO Payments (PaymentID, SubscriptionID, PaymentDate, Amount)
VALUES (816, 716, '2023-03-15 00:00:00.000', 6499);
INSERT INTO Payments (PaymentID, SubscriptionID, PaymentDate, Amount)
VALUES (817, 717, '2023-04-15 00:00:00.000', 6499);
INSERT INTO Payments (PaymentID, SubscriptionID, PaymentDate, Amount)
VALUES (818, 718, '2023-05-15 00:00:00.000', 6499);

INSERT INTO Payments (PaymentID, SubscriptionID, PaymentDate, Amount)
VALUES (819, 719, '2022-11-10 00:00:00.000', 1999);
INSERT INTO Payments (PaymentID, SubscriptionID, PaymentDate, Amount)
VALUES (820, 720, '2022-12-10 00:00:00.000', 1999);
INSERT INTO Payments (PaymentID, SubscriptionID, PaymentDate, Amount)
VALUES (821, 721, '2023-01-10 00:00:00.000', 1999);
INSERT INTO Payments (PaymentID, SubscriptionID, PaymentDate, Amount)
VALUES (822, 722, '2023-02-10 00:00:00.000', 1999);
INSERT INTO Payments (PaymentID, SubscriptionID, PaymentDate, Amount)
VALUES (823, 723, '2023-03-10 00:00:00.000', 3499);
INSERT INTO Payments (PaymentID, SubscriptionID, PaymentDate, Amount)
VALUES (824,724, '2023-04-10 00:00:00.000', 3499);

INSERT INTO Payments (PaymentID, SubscriptionID, PaymentDate, Amount)
VALUES (825, 725, '2022-05-05 00:00:00.000', 1999);
INSERT INTO Payments (PaymentID, SubscriptionID, PaymentDate, Amount)
VALUES (826, 726, '2022-06-05 00:00:00.000', 1999);
INSERT INTO Payments (PaymentID, SubscriptionID, PaymentDate, Amount)
VALUES (827, 727, '2022-07-05 00:00:00.000', 3499);
INSERT INTO Payments (PaymentID, SubscriptionID, PaymentDate, Amount)
VALUES (828, 728, '2022-08-05 00:00:00.000', 3499);
INSERT INTO Payments (PaymentID, SubscriptionID, PaymentDate, Amount)
VALUES (829, 729, '2022-09-05 00:00:00.000', 3499);
INSERT INTO Payments (PaymentID, SubscriptionID, PaymentDate, Amount)
VALUES (830, 730, '2022-10-05 00:00:00.000', 3499);
INSERT INTO Payments (PaymentID, SubscriptionID, PaymentDate, Amount)
VALUES (831, 731, '2022-11-05 00:00:00.000', 5999);
INSERT INTO Payments (PaymentID, SubscriptionID, PaymentDate, Amount)
VALUES (832, 732, '2022-12-05 00:00:00.000', 5999);
INSERT INTO Payments (PaymentID, SubscriptionID, PaymentDate, Amount)
VALUES (833, 733, '2023-01-05 00:00:00.000', 5999);
INSERT INTO Payments (PaymentID, SubscriptionID, PaymentDate, Amount)
VALUES (834, 734, '2023-02-05 00:00:00.000', 5999);
INSERT INTO Payments (PaymentID, SubscriptionID, PaymentDate, Amount)
VALUES (835, 735, '2023-03-05 00:00:00.000', 5999);
INSERT INTO Payments (PaymentID, SubscriptionID, PaymentDate, Amount)
VALUES (836, 736, '2023-04-05 00:00:00.000', 5999);
INSERT INTO Payments (PaymentID, SubscriptionID, PaymentDate, Amount)
VALUES (837, 737, '2023-05-05 00:00:00.000', 5999);
INSERT INTO Payments (PaymentID, SubscriptionID, PaymentDate, Amount)
VALUES (838, 738, '2023-06-05 00:00:00.000', 5999);

INSERT INTO Payments (PaymentID, SubscriptionID, PaymentDate, Amount)
VALUES (839, 739, '2021-05-01 00:00:00.000', 1999);
INSERT INTO Payments (PaymentID, SubscriptionID, PaymentDate, Amount)
VALUES (840, 740, '2021-06-01 00:00:00.000', 1999);
INSERT INTO Payments (PaymentID, SubscriptionID, PaymentDate, Amount)
VALUES (841, 741, '2021-07-01 00:00:00.000', 1999);
INSERT INTO Payments (PaymentID, SubscriptionID, PaymentDate, Amount)
VALUES (842, 742, '2021-08-01 00:00:00.000', 1999);
INSERT INTO Payments (PaymentID, SubscriptionID, PaymentDate, Amount)
VALUES (843, 743, '2021-09-01 00:00:00.000', 1999);
INSERT INTO Payments (PaymentID, SubscriptionID, PaymentDate, Amount)
VALUES (844, 744, '2021-10-01 00:00:00.000', 1999);
INSERT INTO Payments (PaymentID, SubscriptionID, PaymentDate, Amount)
VALUES (845, 745, '2021-11-01 00:00:00.000', 3499);
INSERT INTO Payments (PaymentID, SubscriptionID, PaymentDate, Amount)
VALUES (846, 746, '2021-12-01 00:00:00.000', 3499);
INSERT INTO Payments (PaymentID, SubscriptionID, PaymentDate, Amount)
VALUES (847, 747, '2022-01-01 00:00:00.000', 3499);
INSERT INTO Payments (PaymentID, SubscriptionID, PaymentDate, Amount)
VALUES (848, 748, '2022-02-01 00:00:00.000', 3499);
INSERT INTO Payments (PaymentID, SubscriptionID, PaymentDate, Amount)
VALUES (849, 749, '2022-03-01 00:00:00.000', 3499);
INSERT INTO Payments (PaymentID, SubscriptionID, PaymentDate, Amount)
VALUES (850, 750, '2022-04-01 00:00:00.000', 3499);
INSERT INTO Payments (PaymentID, SubscriptionID, PaymentDate, Amount)
VALUES (851, 751, '2022-05-01 00:00:00.000', 3499);
INSERT INTO Payments (PaymentID, SubscriptionID, PaymentDate, Amount)
VALUES (852, 752, '2022-06-01 00:00:00.000', 3499);
INSERT INTO Payments (PaymentID, SubscriptionID, PaymentDate, Amount)
VALUES (853, 753, '2022-07-01 00:00:00.000', 5999);
INSERT INTO Payments (PaymentID, SubscriptionID, PaymentDate, Amount)
VALUES (854, 754, '2022-08-01 00:00:00.000', 5999);
INSERT INTO Payments (PaymentID, SubscriptionID, PaymentDate, Amount)
VALUES (855, 755, '2022-09-01 00:00:00.000', 5999);
INSERT INTO Payments (PaymentID, SubscriptionID, PaymentDate, Amount)
VALUES (856, 756, '2022-10-01 00:00:00.000', 5999);
INSERT INTO Payments (PaymentID, SubscriptionID, PaymentDate, Amount)
VALUES (857, 757, '2022-11-01 00:00:00.000', 5999);
INSERT INTO Payments (PaymentID, SubscriptionID, PaymentDate, Amount)
VALUES (858, 758, '2022-12-01 00:00:00.000', 5999);
INSERT INTO Payments (PaymentID, SubscriptionID, PaymentDate, Amount)
VALUES (859, 759, '2023-01-01 00:00:00.000', 5999);
INSERT INTO Payments (PaymentID, SubscriptionID, PaymentDate, Amount)
VALUES (860, 760, '2023-02-01 00:00:00.000', 5999);
INSERT INTO Payments (PaymentID, SubscriptionID, PaymentDate, Amount)
VALUES (861, 761, '2023-03-01 00:00:00.000', 5999);
INSERT INTO Payments (PaymentID, SubscriptionID, PaymentDate, Amount)
VALUES (862, 762, '2023-04-01 00:00:00.000', 6499);
INSERT INTO Payments (PaymentID, SubscriptionID, PaymentDate, Amount)
VALUES (863, 763, '2023-05-01 00:00:00.000', 6499);
INSERT INTO Payments (PaymentID, SubscriptionID, PaymentDate, Amount)
VALUES (864, 764, '2023-06-01 00:00:00.000', 6499);

INSERT INTO Payments (PaymentID, SubscriptionID, PaymentDate, Amount)
VALUES (865, 765, '2023-01-20 00:00:00.000', 1999);
INSERT INTO Payments (PaymentID, SubscriptionID, PaymentDate, Amount)
VALUES (866, 766, '2023-02-20 00:00:00.000', 1999);
INSERT INTO Payments (PaymentID, SubscriptionID, PaymentDate, Amount)
VALUES (867, 767, '2023-03-20 00:00:00.000', 4999);
INSERT INTO Payments (PaymentID, SubscriptionID, PaymentDate, Amount)
VALUES (868, 768, '2023-04-20 00:00:00.000', 4999);
INSERT INTO Payments (PaymentID, SubscriptionID, PaymentDate, Amount)
VALUES (869, 769, '2023-05-20 00:00:00.000', 4999);

INSERT INTO Payments (PaymentID, SubscriptionID, PaymentDate, Amount)
VALUES (870, 770, '2022-12-25 00:00:00.000', 1999);
INSERT INTO Payments (PaymentID, SubscriptionID, PaymentDate, Amount)
VALUES (871, 771, '2023-01-25 00:00:00.000', 3499);
INSERT INTO Payments (PaymentID, SubscriptionID, PaymentDate, Amount)
VALUES (872, 772, '2023-02-25 00:00:00.000', 3499);
INSERT INTO Payments (PaymentID, SubscriptionID, PaymentDate, Amount)
VALUES (873, 773, '2023-03-25 00:00:00.000',6499);
INSERT INTO Payments (PaymentID, SubscriptionID, PaymentDate, Amount)
VALUES (874, 774, '2023-04-25 00:00:00.000',6499);
INSERT INTO Payments (PaymentID, SubscriptionID, PaymentDate, Amount)
VALUES (875, 775, '2023-05-25 00:00:00.000',6499);

INSERT INTO Payments (PaymentID, SubscriptionID, PaymentDate, Amount)
VALUES (876, 776, '2023-02-10 00:00:00.000',1999);
INSERT INTO Payments (PaymentID, SubscriptionID, PaymentDate, Amount)
VALUES (877, 777, '2023-03-10 00:00:00.000',3499);
INSERT INTO Payments (PaymentID, SubscriptionID, PaymentDate, Amount)
VALUES (878, 778, '2023-04-10 00:00:00.000',6499);
INSERT INTO Payments (PaymentID, SubscriptionID, PaymentDate, Amount)
VALUES (879, 779, '2023-05-10 00:00:00.000',6499);

INSERT INTO Payments (PaymentID, SubscriptionID, PaymentDate, Amount)
VALUES (880, 780, '2022-10-15 00:00:00.000',1999);
INSERT INTO Payments (PaymentID, SubscriptionID, PaymentDate, Amount)
VALUES (881, 781, '2022-11-15 00:00:00.000',3499);
INSERT INTO Payments (PaymentID, SubscriptionID, PaymentDate, Amount)
VALUES (882, 782, '2022-12-15 00:00:00.000',3499);
INSERT INTO Payments (PaymentID, SubscriptionID, PaymentDate, Amount)
VALUES (883, 783, '2023-01-15 00:00:00.000',4999);
INSERT INTO Payments (PaymentID, SubscriptionID, PaymentDate, Amount)
VALUES (884, 784, '2023-02-15 00:00:00.000',4999);
INSERT INTO Payments (PaymentID, SubscriptionID, PaymentDate, Amount)
VALUES (885, 785, '2023-03-15 00:00:00.000',6499);
INSERT INTO Payments (PaymentID, SubscriptionID, PaymentDate, Amount)
VALUES (886, 786, '2023-04-15 00:00:00.000',6499);
INSERT INTO Payments (PaymentID, SubscriptionID, PaymentDate, Amount)
VALUES (887, 787, '2023-05-15 00:00:00.000',6499);

INSERT INTO Payments (PaymentID, SubscriptionID, PaymentDate, Amount)
VALUES (888, 788, '2023-03-05 00:00:00.000',1999);
INSERT INTO Payments (PaymentID, SubscriptionID, PaymentDate, Amount)
VALUES (889, 789, '2023-04-05 00:00:00.000',4999);
INSERT INTO Payments (PaymentID, SubscriptionID, PaymentDate, Amount)
VALUES (890, 790, '2023-05-05 00:00:00.000',4999);
INSERT INTO Payments (PaymentID, SubscriptionID, PaymentDate, Amount)
VALUES (891, 791, '2023-06-05 00:00:00.000',4999);

INSERT INTO Payments (PaymentID, SubscriptionID, PaymentDate, Amount)
VALUES (892, 792, '2023-02-16 00:00:00.000',1999);
INSERT INTO Payments (PaymentID, SubscriptionID, PaymentDate, Amount)
VALUES (893, 793, '2023-03-16 00:00:00.000',4999);
INSERT INTO Payments (PaymentID, SubscriptionID, PaymentDate, Amount)
VALUES (894, 794, '2023-04-16 00:00:00.000',4999);
INSERT INTO Payments (PaymentID, SubscriptionID, PaymentDate, Amount)
VALUES (895, 795, '2023-05-16 00:00:00.000',6499);




















